<Plate plate_name="20191112_1989_CS_R2.1">
  <Well chorion="chorion" compound="1989" correction_done="True" creation_date="2019-11-12T13:11:44.520" dead120="0" dead24="1" dose="100.0" excluded="False" exposure="single_dose" name="A01" show2user="0" unhatched120="0" unit="uM" well_folder="Well_left_A01" />
  <Well chorion="chorion" compound="1989" correction_done="True" creation_date="2019-11-12T13:11:44.520" dead120="0" dead24="1" dose="100.0" excluded="False" exposure="single_dose" name="A02" show2user="0" unhatched120="0" unit="uM" well_folder="Well_left_A02" />
  <Well chorion="chorion" compound="1989" correction_done="True" creation_date="2019-11-12T13:11:44.520" dead120="0" dead24="1" dose="100.0" excluded="False" exposure="single_dose" name="A03" show2user="0" unhatched120="0" unit="uM" well_folder="Well_left_A03" />
  <Well chorion="chorion" compound="1989" correction_done="True" creation_date="2019-11-12T13:11:44.520" dead120="0" dead24="1" dose="100.0" excluded="False" exposure="single_dose" name="A04" show2user="0" unhatched120="0" unit="uM" well_folder="Well_left_A04" />
  <Well chorion="chorion" compound="1989" correction_done="True" creation_date="2019-11-12T13:11:44.520" dead120="0" dead24="1" dose="100.0" excluded="False" exposure="single_dose" name="A05" show2user="0" unhatched120="0" unit="uM" well_folder="Well_left_A05" />
  <Well chorion="chorion" compound="1989" correction_done="True" creation_date="2019-11-12T13:11:44.520" dead120="0" dead24="1" dose="100.0" excluded="False" exposure="single_dose" name="A06" show2user="0" unhatched120="0" unit="uM" well_folder="Well_left_A06" />
  <Well chorion="chorion" compound="1989" correction_done="True" creation_date="2019-11-12T13:11:44.520" dead120="0" dead24="1" dose="100.0" excluded="False" exposure="single_dose" name="A07" show2user="0" unhatched120="0" unit="uM" well_folder="Well_left_A07" />
  <Well chorion="chorion" compound="1989" correction_done="True" creation_date="2019-11-12T13:11:44.520" dead120="0" dead24="1" dose="100.0" excluded="False" exposure="single_dose" name="A08" show2user="0" unhatched120="0" unit="uM" well_folder="Well_left_A08" />
  <Well chorion="chorion" compound="1989" correction_done="True" creation_date="2019-11-12T13:11:44.520" dead120="0" dead24="1" dose="100.0" excluded="False" exposure="single_dose" name="A09" show2user="0" unhatched120="0" unit="uM" well_folder="Well_left_A09" />
  <Well chorion="chorion" compound="1989" correction_done="True" creation_date="2019-11-12T13:11:44.520" dead120="0" dead24="1" dose="100.0" excluded="False" exposure="single_dose" name="A10" show2user="0" unhatched120="0" unit="uM" well_folder="Well_left_A10" />
  <Well chorion="chorion" compound="1989" correction_done="True" creation_date="2019-11-12T13:11:44.520" dead120="0" dead24="1" dose="100.0" excluded="False" exposure="single_dose" name="A11" show2user="0" unhatched120="0" unit="uM" well_folder="Well_left_A11" />
  <Well chorion="chorion" compound="3,4-DCA" correction_done="True" creation_date="2019-11-12T13:11:44.520" dead120="0" dead24="1" dose="50.0" excluded="False" exposure="single_dose" name="A12" show2user="0" unhatched120="0" unit="uM" well_folder="Well_left_A12" />
  <Well chorion="chorion" compound="1989" correction_done="True" creation_date="2019-11-12T13:11:44.520" dead120="1" dead24="0" dose="30.01" excluded="False" exposure="single_dose" name="B01" show2user="0" unhatched120="0" unit="uM" well_folder="Well_left_B01" />
  <Well chorion="chorion" compound="1989" correction_done="True" creation_date="2019-11-12T13:11:44.520" dead120="1" dead24="0" dose="30.01" excluded="False" exposure="single_dose" name="B02" show2user="0" unhatched120="0" unit="uM" well_folder="Well_left_B02" />
  <Well chorion="chorion" compound="1989" correction_done="True" creation_date="2019-11-12T13:11:44.520" dead120="1" dead24="0" dose="30.01" excluded="False" exposure="single_dose" name="B03" show2user="0" unhatched120="0" unit="uM" well_folder="Well_left_B03" />
  <Well chorion="chorion" compound="1989" correction_done="True" creation_date="2019-11-12T13:11:44.520" dead120="1" dead24="0" dose="30.01" excluded="False" exposure="single_dose" name="B04" show2user="0" unhatched120="0" unit="uM" well_folder="Well_left_B04" />
  <Well chorion="chorion" compound="1989" correction_done="True" creation_date="2019-11-12T13:11:44.520" dead120="1" dead24="0" dose="30.01" excluded="False" exposure="single_dose" name="B05" show2user="0" unhatched120="0" unit="uM" well_folder="Well_left_B05" />
  <Well chorion="chorion" compound="1989" correction_done="True" creation_date="2019-11-12T13:11:44.520" dead120="1" dead24="0" dose="30.01" excluded="False" exposure="single_dose" name="B06" show2user="0" unhatched120="0" unit="uM" well_folder="Well_left_B06" />
  <Well chorion="chorion" compound="1989" correction_done="True" creation_date="2019-11-12T13:11:44.520" dead120="1" dead24="0" dose="30.01" excluded="False" exposure="single_dose" name="B07" show2user="0" unhatched120="0" unit="uM" well_folder="Well_left_B07" />
  <Well chorion="chorion" compound="1989" correction_done="True" creation_date="2019-11-12T13:11:44.520" dead120="1" dead24="0" dose="30.01" excluded="False" exposure="single_dose" name="B08" show2user="0" unhatched120="0" unit="uM" well_folder="Well_left_B08" />
  <Well chorion="chorion" compound="1989" correction_done="True" creation_date="2019-11-12T13:11:44.520" dead120="1" dead24="0" dose="30.01" excluded="False" exposure="single_dose" name="B09" show2user="0" unhatched120="0" unit="uM" well_folder="Well_left_B09" />
  <Well chorion="chorion" compound="1989" correction_done="True" creation_date="2019-11-12T13:11:44.520" dead120="1" dead24="0" dose="30.01" excluded="False" exposure="single_dose" name="B10" show2user="0" unhatched120="0" unit="uM" well_folder="Well_left_B10" />
  <Well chorion="chorion" compound="1989" correction_done="True" creation_date="2019-11-12T13:11:44.520" dead120="1" dead24="0" dose="30.01" excluded="False" exposure="single_dose" name="B11" show2user="0" unhatched120="0" unit="uM" well_folder="Well_left_B11" />
  <Well chorion="chorion" compound="3,4-DCA" correction_done="True" creation_date="2019-11-12T13:11:44.520" dead120="0" dead24="1" dose="25.0" excluded="False" exposure="single_dose" name="B12" show2user="0" unhatched120="0" unit="uM" well_folder="Well_left_B12" />
  <Well chorion="chorion" compound="1989" correction_done="True" creation_date="2019-11-12T13:11:44.520" dead120="0" dead24="0" dorsal_image="20191112_1989_R2.1_1724_R3.2_head_W_left_C01_1_1.png" dose="9.02" excluded="False" exposure="single_dose" lateral_image="20191112_1989_R2.1_1724_R3.2_head_W_left_C01_1_4.png" name="C01" show2user="1" unhatched120="0" unit="uM" well_folder="Well_left_C01"><bodycurvature status="finished" value="True" probability="0.5693599581718445" /><yolkedema status="finished" value="True" probability="0.7226577997207642" /><necrosis status="finished" value="True" probability="0.7715163826942444" /><tailbending status="finished" value="False" probability="0.20071473717689514" /><notochorddefects status="finished" value="False" probability="0.0771963968873024" /><craniofacialedema status="finished" value="False" probability="0.32991793751716614" /><finabsence status="finished" value="True" probability="0.548207700252533" /><scoliosis status="finished" value="False" probability="0.23233720660209656" /><snoutjawdefects status="finished" value="True" probability="0.807780921459198" /><otolithsdefects status="finished" value="False" /><fishoutline dorsal_image_area="879579.25" lateral_image_area="1071455.00" status="finished" unit="micron_square" /></Well>
  <Well chorion="chorion" compound="1989" correction_done="True" creation_date="2019-11-12T13:11:44.520" dead120="0" dead24="0" dose="9.02" excluded="False" exposure="single_dose" name="C02" show2user="0" unhatched120="1" unit="uM" well_folder="Well_left_C02" />
  <Well chorion="chorion" compound="1989" correction_done="True" creation_date="2019-11-12T13:11:44.520" dead120="0" dead24="0" dose="9.02" excluded="False" exposure="single_dose" name="C03" show2user="0" unhatched120="0" unit="uM" well_folder="Well_left_C03" />
  <Well chorion="chorion" compound="1989" correction_done="True" creation_date="2019-11-12T13:11:44.520" dead120="1" dead24="0" dose="9.02" excluded="False" exposure="single_dose" name="C04" show2user="0" unhatched120="0" unit="uM" well_folder="Well_left_C04" />
  <Well chorion="chorion" compound="1989" correction_done="True" creation_date="2019-11-12T13:11:44.520" dead120="1" dead24="0" dose="9.02" excluded="False" exposure="single_dose" name="C05" show2user="0" unhatched120="0" unit="uM" well_folder="Well_left_C05" />
  <Well chorion="chorion" compound="1989" correction_done="True" creation_date="2019-11-12T13:11:44.520" dead120="0" dead24="0" dose="9.02" excluded="False" exposure="single_dose" name="C06" show2user="0" unhatched120="1" unit="uM" well_folder="Well_left_C06" />
  <Well chorion="chorion" compound="1989" correction_done="True" creation_date="2019-11-12T13:11:44.520" dead120="0" dead24="0" dose="9.02" excluded="False" exposure="single_dose" name="C07" show2user="0" unhatched120="1" unit="uM" well_folder="Well_left_C07" />
  <Well chorion="chorion" compound="1989" correction_done="True" creation_date="2019-11-12T13:11:44.520" dead120="0" dead24="0" dose="9.02" excluded="False" exposure="single_dose" name="C08" show2user="0" unhatched120="1" unit="uM" well_folder="Well_left_C08" />
  <Well chorion="chorion" compound="1989" correction_done="True" creation_date="2019-11-12T13:11:44.520" dead120="0" dead24="0" dorsal_image="20191112_1989_R2.1_1724_R3.2_tail_W_left_C09_1_1.png" dose="9.02" excluded="False" exposure="single_dose" lateral_image="20191112_1989_R2.1_1724_R3.2_tail_W_left_C09_1_2.png" name="C09" show2user="1" unhatched120="0" unit="uM" well_folder="Well_left_C09"><bodycurvature status="finished" value="True" probability="0.7862315773963928" /><yolkedema status="finished" value="True" probability="0.7370768785476685" /><necrosis status="finished" value="True" probability="0.8613237738609314" /><tailbending status="finished" value="False" probability="0.4587456285953522" /><notochorddefects status="finished" value="False" probability="0.1485537737607956" /><craniofacialedema status="finished" value="False" probability="0.4611165225505829" /><finabsence status="finished" value="False" probability="0.49436962604522705" /><scoliosis status="finished" value="True" probability="0.5109123587608337" /><snoutjawdefects status="finished" value="True" probability="0.8486051559448242" /><otolithsdefects status="finished" value="False" /><fishoutline dorsal_image_area="838318.25" lateral_image_area="1132681.00" status="finished" unit="micron_square" /></Well>
  <Well chorion="chorion" compound="1989" correction_done="True" creation_date="2019-11-12T13:11:44.520" dead120="1" dead24="0" dorsal_image="20191112_1989_R2.1_1724_R3.2_head_W_left_C10_1_1.png" dose="9.02" excluded="False" exposure="single_dose" lateral_image="20191112_1989_R2.1_1724_R3.2_head_W_left_C10_1_4.png" name="C10" show2user="1" unhatched120="0" unit="uM" well_folder="Well_left_C10"><bodycurvature status="finished" value="True" probability="0.9095770716667175" /><yolkedema status="finished" value="True" probability="0.5935675501823425" /><necrosis status="finished" value="True" probability="0.8297877311706543" /><tailbending status="finished" value="True" probability="0.7882845997810364" /><notochorddefects status="finished" value="False" probability="0.26034948229789734" /><craniofacialedema status="finished" value="False" probability="0.3223276734352112" /><finabsence status="finished" value="False" probability="0.389478862285614" /><scoliosis status="finished" value="True" probability="0.8423874378204346" /><snoutjawdefects status="finished" value="True" probability="0.830235481262207" /><otolithsdefects status="finished" value="False" /><fishoutline dorsal_image_area="992321.00" lateral_image_area="1058810.50" status="finished" unit="micron_square" /></Well>
  <Well chorion="chorion" compound="1989" correction_done="True" creation_date="2019-11-12T13:11:44.520" dead120="0" dead24="0" dorsal_image="20191112_1989_R2.1_1724_R3.2_head_W_left_C11_1_1.png" dose="9.02" excluded="False" exposure="single_dose" lateral_image="20191112_1989_R2.1_1724_R3.2_head_W_left_C11_1_4.png" name="C11" show2user="1" unhatched120="0" unit="uM" well_folder="Well_left_C11"><bodycurvature status="finished" value="True" probability="0.8405984044075012" /><yolkedema status="finished" value="True" probability="0.8602045178413391" /><necrosis status="finished" value="True" probability="0.9477325081825256" /><tailbending status="finished" value="True" probability="0.5201788544654846" /><notochorddefects status="finished" value="False" probability="0.15363922715187073" /><craniofacialedema status="finished" value="True" probability="0.7529081702232361" /><finabsence status="finished" value="True" probability="0.6040173172950745" /><scoliosis status="finished" value="True" probability="0.6198502779006958" /><snoutjawdefects status="finished" value="True" probability="0.9222792983055115" /><otolithsdefects status="finished" value="False" /><fishoutline dorsal_image_area="900330.75" lateral_image_area="1097439.75" status="finished" unit="micron_square" /></Well>
  <Well chorion="chorion" compound="3,4-DCA" correction_done="True" creation_date="2019-11-12T13:11:44.520" dead120="0" dead24="0" dose="12.5" excluded="False" exposure="single_dose" name="C12" show2user="0" unhatched120="0" unit="uM" well_folder="Well_left_C12" />
  <Well chorion="chorion" compound="1989" correction_done="True" creation_date="2019-11-12T13:11:44.520" dead120="0" dead24="0" dorsal_image="20191112_1989_R2.1_1724_R3.2_tail_W_left_D01_1_1.png" dose="2.7" excluded="False" exposure="single_dose" lateral_image="20191112_1989_R2.1_1724_R3.2_tail_W_left_D01_1_2.png" name="D01" show2user="1" unhatched120="0" unit="uM" well_folder="Well_left_D01"><bodycurvature status="finished" value="False" probability="0.22469677031040192" /><yolkedema status="finished" value="True" probability="0.6913252472877502" /><necrosis status="finished" value="True" probability="0.8907792568206787" /><tailbending status="finished" value="False" probability="0.03736000508069992" /><notochorddefects status="finished" value="False" probability="0.002152080647647381" /><craniofacialedema status="finished" value="False" probability="0.47503402829170227" /><finabsence status="finished" value="True" probability="0.5701192617416382" /><scoliosis status="finished" value="False" probability="0.02228609286248684" /><snoutjawdefects status="finished" value="True" probability="0.6461952328681946" /><otolithsdefects status="finished" value="ND" /><fishoutline dorsal_image_area="1172853.00" lateral_image_area="1362097.00" status="finished" unit="micron_square" /></Well>
  <Well chorion="chorion" compound="1989" correction_done="True" creation_date="2019-11-12T13:11:44.520" dead120="0" dead24="0" dorsal_image="20191112_1989_R2.1_1724_R3.2_head_W_left_D02_1_1.png" dose="2.7" excluded="False" exposure="single_dose" lateral_image="20191112_1989_R2.1_1724_R3.2_head_W_left_D02_1_4.png" name="D02" show2user="1" unhatched120="0" unit="uM" well_folder="Well_left_D02"><bodycurvature status="finished" value="False" probability="0.003899442730471492" /><yolkedema status="finished" value="False" probability="0.016133327037096024" /><necrosis status="finished" value="False" probability="0.02798514999449253" /><tailbending status="finished" value="False" probability="0.0019417485455051064" /><notochorddefects status="finished" value="False" probability="7.733990059932694e-05" /><craniofacialedema status="finished" value="False" probability="0.00035508620203472674" /><finabsence status="finished" value="False" probability="0.024613382294774055" /><scoliosis status="finished" value="False" probability="0.00234218523837626" /><snoutjawdefects status="finished" value="False" probability="0.0593879260122776" /><otolithsdefects status="finished" value="False" /><fishoutline dorsal_image_area="951029.75" lateral_image_area="1236015.00" status="finished" unit="micron_square" /></Well>
  <Well chorion="chorion" compound="1989" correction_done="True" creation_date="2019-11-12T13:11:44.520" dead120="0" dead24="0" dorsal_image="20191112_1989_R2.1_1724_R3.2_head_W_left_D03_1_1.png" dose="2.7" excluded="False" exposure="single_dose" lateral_image="20191112_1989_R2.1_1724_R3.2_head_W_left_D03_1_4.png" name="D03" show2user="1" unhatched120="0" unit="uM" well_folder="Well_left_D03"><bodycurvature status="finished" value="False" probability="0.00812354777008295" /><yolkedema status="finished" value="False" probability="0.30595168471336365" /><necrosis status="finished" value="False" probability="0.2840457260608673" /><tailbending status="finished" value="False" probability="0.0013960939832031727" /><notochorddefects status="finished" value="False" probability="0.00048766902182251215" /><craniofacialedema status="finished" value="False" probability="0.016005083918571472" /><finabsence status="finished" value="False" probability="0.15626642107963562" /><scoliosis status="finished" value="False" probability="0.002022359287366271" /><snoutjawdefects status="finished" value="False" probability="0.3156191408634186" /><otolithsdefects status="finished" value="False" /><fishoutline dorsal_image_area="864454.25" lateral_image_area="1156729.75" status="finished" unit="micron_square" /></Well>
  <Well chorion="chorion" compound="1989" correction_done="True" creation_date="2019-11-12T13:11:44.520" dead120="0" dead24="0" dorsal_image="20191112_1989_R2.1_1724_R3.2_tail_W_left_D04_1_1.png" dose="2.7" excluded="False" exposure="single_dose" lateral_image="20191112_1989_R2.1_1724_R3.2_tail_W_left_D04_1_2.png" name="D04" show2user="1" unhatched120="0" unit="uM" well_folder="Well_left_D04"><bodycurvature status="finished" value="False" probability="0.007952284067869186" /><yolkedema status="finished" value="False" probability="0.09331069141626358" /><necrosis status="finished" value="False" probability="0.061104632914066315" /><tailbending status="finished" value="False" probability="0.002798122353851795" /><notochorddefects status="finished" value="False" probability="0.0006096087163314223" /><craniofacialedema status="finished" value="False" probability="0.0029785889200866222" /><finabsence status="finished" value="False" probability="0.11271318793296814" /><scoliosis status="finished" value="False" probability="0.0030704105738550425" /><snoutjawdefects status="finished" value="False" probability="0.19731588661670685" /><otolithsdefects status="finished" value="False" /><fishoutline dorsal_image_area="899453.50" lateral_image_area="1239191.25" status="finished" unit="micron_square" /></Well>
  <Well chorion="chorion" compound="1989" correction_done="True" creation_date="2019-11-12T13:11:44.520" dead120="0" dead24="0" dorsal_image="20191112_1989_R2.1_1724_R3.2_tail_W_left_D05_1_1.png" dose="2.7" excluded="False" exposure="single_dose" lateral_image="20191112_1989_R2.1_1724_R3.2_tail_W_left_D05_1_2.png" name="D05" show2user="1" unhatched120="0" unit="uM" well_folder="Well_left_D05"><bodycurvature status="finished" value="False" probability="0.02071598544716835" /><yolkedema status="finished" value="False" probability="0.08654572069644928" /><necrosis status="finished" value="False" probability="0.057534851133823395" /><tailbending status="finished" value="False" probability="0.00898925494402647" /><notochorddefects status="finished" value="False" probability="0.0026712280232459307" /><craniofacialedema status="finished" value="False" probability="0.0028083499055355787" /><finabsence status="finished" value="False" probability="0.07786774635314941" /><scoliosis status="finished" value="False" probability="0.012623701244592667" /><snoutjawdefects status="finished" value="False" probability="0.15392962098121643" /><otolithsdefects status="finished" value="False" /><fishoutline dorsal_image_area="921989.75" lateral_image_area="1257250.50" status="finished" unit="micron_square" /></Well>
  <Well chorion="chorion" compound="1989" correction_done="True" creation_date="2019-11-12T13:11:44.520" dead120="0" dead24="0" dorsal_image="20191112_1989_R2.1_1724_R3.2_tail_W_left_D06_1_1.png" dose="2.7" excluded="False" exposure="single_dose" lateral_image="20191112_1989_R2.1_1724_R3.2_tail_W_left_D06_1_2.png" name="D06" show2user="1" unhatched120="0" unit="uM" well_folder="Well_left_D06"><bodycurvature status="finished" value="False" probability="0.0070822336710989475" /><yolkedema status="finished" value="False" probability="0.030485576018691063" /><necrosis status="finished" value="False" probability="0.016949377954006195" /><tailbending status="finished" value="False" probability="0.002628494519740343" /><notochorddefects status="finished" value="False" probability="0.00024411850608885288" /><craniofacialedema status="finished" value="False" probability="0.0002769639831967652" /><finabsence status="finished" value="False" probability="0.004930942784994841" /><scoliosis status="finished" value="False" probability="0.002723391866311431" /><snoutjawdefects status="finished" value="False" probability="0.09782924503087997" /><otolithsdefects status="finished" value="False" /><fishoutline dorsal_image_area="910827.50" lateral_image_area="1247026.00" status="finished" unit="micron_square" /></Well>
  <Well chorion="chorion" compound="1989" correction_done="True" creation_date="2019-11-12T13:11:44.520" dead120="0" dead24="0" dorsal_image="20191112_1989_R2.1_1724_R3.2_tail_W_left_D07_1_1.png" dose="2.7" excluded="False" exposure="single_dose" lateral_image="20191112_1989_R2.1_1724_R3.2_tail_W_left_D07_1_2.png" name="D07" show2user="1" unhatched120="0" unit="uM" well_folder="Well_left_D07"><bodycurvature status="finished" value="False" probability="0.023214785382151604" /><yolkedema status="finished" value="True" probability="0.7178343534469604" /><necrosis status="finished" value="True" probability="0.5969744324684143" /><tailbending status="finished" value="False" probability="0.0018861397402361035" /><notochorddefects status="finished" value="False" probability="0.001190657145343721" /><craniofacialedema status="finished" value="False" probability="0.0509469173848629" /><finabsence status="finished" value="False" probability="0.05257364735007286" /><scoliosis status="finished" value="False" probability="0.00391876557841897" /><snoutjawdefects status="finished" value="True" probability="0.6114429831504822" /><otolithsdefects status="finished" value="False" /><fishoutline dorsal_image_area="956323.50" lateral_image_area="1286502.25" status="finished" unit="micron_square" /></Well>
  <Well chorion="chorion" compound="1989" correction_done="True" creation_date="2019-11-12T13:11:44.520" dead120="0" dead24="0" dorsal_image="20191112_1989_R2.1_1724_R3.2_tail_W_left_D08_1_1.png" dose="2.7" excluded="False" exposure="single_dose" lateral_image="20191112_1989_R2.1_1724_R3.2_tail_W_left_D08_1_2.png" name="D08" show2user="1" unhatched120="0" unit="uM" well_folder="Well_left_D08"><bodycurvature status="finished" value="False" probability="5.656397115672007e-05" /><yolkedema status="finished" value="False" probability="0.00535082072019577" /><necrosis status="finished" value="False" probability="0.004330508876591921" /><tailbending status="finished" value="False" probability="4.1403687646379694e-05" /><notochorddefects status="finished" value="False" probability="1.2512147122833994e-06" /><craniofacialedema status="finished" value="False" probability="7.195656962721841e-06" /><finabsence status="finished" value="False" probability="0.00023416863405145705" /><scoliosis status="finished" value="False" probability="0.00018011454085353762" /><snoutjawdefects status="finished" value="False" probability="0.015736807137727737" /><otolithsdefects status="finished" value="False" /><fishoutline dorsal_image_area="955174.00" lateral_image_area="1285867.00" status="finished" unit="micron_square" /></Well>
  <Well chorion="chorion" compound="1989" correction_done="True" creation_date="2019-11-12T13:11:44.520" dead120="0" dead24="0" dorsal_image="20191112_1989_R2.1_1724_R3.2_head_W_left_D09_1_1.png" dose="2.7" excluded="False" exposure="single_dose" lateral_image="20191112_1989_R2.1_1724_R3.2_head_W_left_D09_1_4.png" name="D09" show2user="1" unhatched120="0" unit="uM" well_folder="Well_left_D09"><bodycurvature status="finished" value="False" probability="0.0009363496792502701" /><yolkedema status="finished" value="False" probability="0.016550950706005096" /><necrosis status="finished" value="False" probability="0.02134840562939644" /><tailbending status="finished" value="False" probability="0.00033658536267466843" /><notochorddefects status="finished" value="False" probability="7.3986743700515945e-06" /><craniofacialedema status="finished" value="False" probability="0.00015706440899521112" /><finabsence status="finished" value="False" probability="0.008493514731526375" /><scoliosis status="finished" value="False" probability="0.0003706465649884194" /><snoutjawdefects status="finished" value="False" probability="0.06676138192415237" /><otolithsdefects status="finished" value="False" /><fishoutline dorsal_image_area="933817.50" lateral_image_area="1261515.75" status="finished" unit="micron_square" /></Well>
  <Well chorion="chorion" compound="1989" correction_done="True" creation_date="2019-11-12T13:11:44.520" dead120="0" dead24="0" dorsal_image="20191112_1989_R2.1_1724_R3.2_tail_W_left_D10_1_1.png" dose="2.7" excluded="False" exposure="single_dose" lateral_image="20191112_1989_R2.1_1724_R3.2_tail_W_left_D10_1_2.png" name="D10" show2user="1" unhatched120="0" unit="uM" well_folder="Well_left_D10"><bodycurvature status="finished" value="False" probability="0.017821216955780983" /><yolkedema status="finished" value="False" probability="0.43485212326049805" /><necrosis status="finished" value="False" probability="0.384010910987854" /><tailbending status="finished" value="False" probability="0.0027345754206180573" /><notochorddefects status="finished" value="False" probability="0.0008489097817800939" /><craniofacialedema status="finished" value="False" probability="0.02461409568786621" /><finabsence status="finished" value="False" probability="0.06634198129177094" /><scoliosis status="finished" value="False" probability="0.003820492886006832" /><snoutjawdefects status="finished" value="False" probability="0.41838496923446655" /><otolithsdefects status="finished" value="False" /><fishoutline dorsal_image_area="867902.75" lateral_image_area="1208548.00" status="finished" unit="micron_square" /></Well>
  <Well chorion="chorion" compound="1989" correction_done="True" creation_date="2019-11-12T13:11:44.520" dead120="0" dead24="0" dorsal_image="20191112_1989_R2.1_1724_R3.2_head_W_left_D11_1_1.png" dose="2.7" excluded="False" exposure="single_dose" lateral_image="20191112_1989_R2.1_1724_R3.2_head_W_left_D11_1_4.png" name="D11" show2user="1" unhatched120="0" unit="uM" well_folder="Well_left_D11"><bodycurvature status="finished" value="False" probability="0.0010228840401396155" /><yolkedema status="finished" value="False" probability="0.002786640776321292" /><necrosis status="finished" value="False" probability="0.005275807809084654" /><tailbending status="finished" value="False" probability="0.0018765267450362444" /><notochorddefects status="finished" value="False" probability="3.516884316923097e-05" /><craniofacialedema status="finished" value="False" probability="2.5953420845326036e-05" /><finabsence status="finished" value="False" probability="0.00039055495290085673" /><scoliosis status="finished" value="False" probability="0.005737597588449717" /><snoutjawdefects status="finished" value="False" probability="0.007271931506693363" /><otolithsdefects status="finished" value="False" /><fishoutline dorsal_image_area="956111.75" lateral_image_area="1274765.25" status="finished" unit="micron_square" /></Well>
  <Well chorion="chorion" compound="3,4-DCA" correction_done="True" creation_date="2019-11-12T13:11:44.520" dead120="0" dead24="0" dorsal_image="20191112_1989_R2.1_1724_R3.2_head_W_left_D12_1_1.png" dose="6.25" excluded="False" exposure="single_dose" lateral_image="20191112_1989_R2.1_1724_R3.2_head_W_left_D12_1_4.png" name="D12" show2user="1" unhatched120="0" unit="uM" well_folder="Well_left_D12"><bodycurvature status="finished" value="False" probability="0.00015570060350000858" /><yolkedema status="finished" value="False" probability="0.0017579540144652128" /><necrosis status="finished" value="False" probability="0.0053856708109378815" /><tailbending status="finished" value="False" probability="0.00032682286109775305" /><notochorddefects status="finished" value="False" probability="2.9867176181141986e-06" /><craniofacialedema status="finished" value="False" probability="1.1888685548910871e-05" /><finabsence status="finished" value="False" probability="0.0002960248675663024" /><scoliosis status="finished" value="False" probability="0.001657994813285768" /><snoutjawdefects status="finished" value="False" probability="0.00478735938668251" /><otolithsdefects status="finished" value="False" /><fishoutline dorsal_image_area="948972.75" lateral_image_area="1226516.50" status="finished" unit="micron_square" /></Well>
  <Well chorion="chorion" compound="1989" correction_done="True" creation_date="2019-11-12T13:11:44.520" dead120="0" dead24="0" dose="0.81" excluded="False" exposure="single_dose" name="E01" show2user="0" unhatched120="0" unit="uM" well_folder="Well_left_E01" />
  <Well chorion="chorion" compound="1989" correction_done="True" creation_date="2019-11-12T13:11:44.520" dead120="0" dead24="0" dorsal_image="20191112_1989_R2.1_1724_R3.2_head_W_left_E02_1_1.png" dose="0.81" excluded="False" exposure="single_dose" lateral_image="20191112_1989_R2.1_1724_R3.2_head_W_left_E02_1_4.png" name="E02" show2user="1" unhatched120="0" unit="uM" well_folder="Well_left_E02"><bodycurvature status="finished" value="False" probability="0.001544229337014258" /><yolkedema status="finished" value="False" probability="0.003927907906472683" /><necrosis status="finished" value="False" probability="0.006866840645670891" /><tailbending status="finished" value="False" probability="0.0022225778084248304" /><notochorddefects status="finished" value="False" probability="3.2785766961751506e-05" /><craniofacialedema status="finished" value="False" probability="4.193576751276851e-05" /><finabsence status="finished" value="False" probability="0.0004987450665794313" /><scoliosis status="finished" value="False" probability="0.0048944479785859585" /><snoutjawdefects status="finished" value="False" probability="0.009134122170507908" /><otolithsdefects status="finished" value="False" /><fishoutline dorsal_image_area="940835.50" lateral_image_area="1254195.25" status="finished" unit="micron_square" /></Well>
  <Well chorion="chorion" compound="1989" correction_done="True" creation_date="2019-11-12T13:11:44.520" dead120="0" dead24="0" dorsal_image="20191112_1989_R2.1_1724_R3.2_head_W_left_E03_1_1.png" dose="0.81" excluded="False" exposure="single_dose" lateral_image="20191112_1989_R2.1_1724_R3.2_head_W_left_E03_1_4.png" name="E03" show2user="1" unhatched120="0" unit="uM" well_folder="Well_left_E03"><bodycurvature status="finished" value="False" probability="0.0005116554675623775" /><yolkedema status="finished" value="False" probability="0.0008617521962150931" /><necrosis status="finished" value="False" probability="0.0011919224634766579" /><tailbending status="finished" value="False" probability="0.0012504571350291371" /><notochorddefects status="finished" value="False" probability="4.227753379382193e-06" /><craniofacialedema status="finished" value="False" probability="2.309959654667182e-06" /><finabsence status="finished" value="False" probability="1.791795511962846e-05" /><scoliosis status="finished" value="False" probability="0.0032424202654510736" /><snoutjawdefects status="finished" value="False" probability="0.0035574818029999733" /><otolithsdefects status="finished" value="False" /><fishoutline dorsal_image_area="926708.75" lateral_image_area="1231780.00" status="finished" unit="micron_square" /></Well>
  <Well chorion="chorion" compound="1989" correction_done="True" creation_date="2019-11-12T13:11:44.520" dead120="0" dead24="0" dorsal_image="20191112_1989_R2.1_1724_R3.2_tail_W_left_E04_1_1.png" dose="0.81" excluded="False" exposure="single_dose" lateral_image="20191112_1989_R2.1_1724_R3.2_tail_W_left_E04_1_2.png" name="E04" show2user="1" unhatched120="0" unit="uM" well_folder="Well_left_E04"><bodycurvature status="finished" value="False" probability="0.024684006348252296" /><yolkedema status="finished" value="False" probability="0.019851773977279663" /><necrosis status="finished" value="False" probability="0.025647560134530067" /><tailbending status="finished" value="False" probability="0.012405836954712868" /><notochorddefects status="finished" value="False" probability="0.0006303014233708382" /><craniofacialedema status="finished" value="False" probability="0.0006052669486962259" /><finabsence status="finished" value="False" probability="0.008325355127453804" /><scoliosis status="finished" value="False" probability="0.009357159025967121" /><snoutjawdefects status="finished" value="False" probability="0.06816761195659637" /><otolithsdefects status="finished" value="False" /><fishoutline dorsal_image_area="820773.25" lateral_image_area="1097076.75" status="finished" unit="micron_square" /></Well>
  <Well chorion="chorion" compound="1989" correction_done="True" creation_date="2019-11-12T13:11:44.520" dead120="0" dead24="0" dorsal_image="20191112_1989_R2.1_1724_R3.2_head_W_left_E05_1_1.png" dose="0.81" excluded="False" exposure="single_dose" lateral_image="20191112_1989_R2.1_1724_R3.2_head_W_left_E05_1_4.png" name="E05" show2user="1" unhatched120="0" unit="uM" well_folder="Well_left_E05"><bodycurvature status="finished" value="False" probability="0.00040119196637533605" /><yolkedema status="finished" value="False" probability="0.0008662495529279113" /><necrosis status="finished" value="False" probability="0.0020195133984088898" /><tailbending status="finished" value="False" probability="0.000852304685395211" /><notochorddefects status="finished" value="False" probability="3.007838586199796e-06" /><craniofacialedema status="finished" value="False" probability="7.286525942618027e-06" /><finabsence status="finished" value="False" probability="0.0007472121505998075" /><scoliosis status="finished" value="False" probability="0.0012168120592832565" /><snoutjawdefects status="finished" value="False" probability="0.006219821982085705" /><otolithsdefects status="finished" value="False" /><fishoutline dorsal_image_area="946280.50" lateral_image_area="1263421.50" status="finished" unit="micron_square" /></Well>
  <Well chorion="chorion" compound="1989" correction_done="True" creation_date="2019-11-12T13:11:44.520" dead120="0" dead24="0" dorsal_image="20191112_1989_R2.1_1724_R3.2_head_W_left_E06_1_1.png" dose="0.81" excluded="False" exposure="single_dose" lateral_image="20191112_1989_R2.1_1724_R3.2_head_W_left_E06_1_4.png" name="E06" show2user="1" unhatched120="0" unit="uM" well_folder="Well_left_E06"><bodycurvature status="finished" value="False" probability="0.00036553197423927486" /><yolkedema status="finished" value="False" probability="0.00045459100510925055" /><necrosis status="finished" value="False" probability="0.0013212022604420781" /><tailbending status="finished" value="False" probability="0.0012647827388718724" /><notochorddefects status="finished" value="False" probability="2.272820211146609e-06" /><craniofacialedema status="finished" value="False" probability="2.356710638196091e-06" /><finabsence status="finished" value="False" probability="1.3075568858766928e-05" /><scoliosis status="finished" value="False" probability="0.003353435778990388" /><snoutjawdefects status="finished" value="False" probability="0.0020502000115811825" /><otolithsdefects status="finished" value="False" /><fishoutline dorsal_image_area="945766.25" lateral_image_area="1254134.75" status="finished" unit="micron_square" /></Well>
  <Well chorion="chorion" compound="1989" correction_done="True" creation_date="2019-11-12T13:11:44.520" dead120="0" dead24="0" dorsal_image="20191112_1989_R2.1_1724_R3.2_head_W_left_E07_1_1.png" dose="0.81" excluded="False" exposure="single_dose" lateral_image="20191112_1989_R2.1_1724_R3.2_head_W_left_E07_1_4.png" name="E07" show2user="1" unhatched120="0" unit="uM" well_folder="Well_left_E07"><bodycurvature status="finished" value="False" probability="6.03447733737994e-05" /><yolkedema status="finished" value="False" probability="0.00012143288040533662" /><necrosis status="finished" value="False" probability="0.0004929735441692173" /><tailbending status="finished" value="False" probability="0.0003357018285896629" /><notochorddefects status="finished" value="False" probability="2.783075672141422e-07" /><craniofacialedema status="finished" value="False" probability="3.894419080552325e-07" /><finabsence status="finished" value="False" probability="9.071680324268527e-06" /><scoliosis status="finished" value="False" probability="0.0013843211345374584" /><snoutjawdefects status="finished" value="False" probability="0.0007018937612883747" /><otolithsdefects status="finished" value="False" /><fishoutline dorsal_image_area="963008.75" lateral_image_area="1275461.00" status="finished" unit="micron_square" /></Well>
  <Well chorion="chorion" compound="1989" correction_done="True" creation_date="2019-11-12T13:11:44.520" dead120="0" dead24="0" dorsal_image="20191112_1989_R2.1_1724_R3.2_head_W_left_E08_1_1.png" dose="0.81" excluded="False" exposure="single_dose" lateral_image="20191112_1989_R2.1_1724_R3.2_head_W_left_E08_1_4.png" name="E08" show2user="1" unhatched120="0" unit="uM" well_folder="Well_left_E08"><bodycurvature status="finished" value="False" probability="0.0014360995264723897" /><yolkedema status="finished" value="False" probability="0.08774609863758087" /><necrosis status="finished" value="False" probability="0.22620299458503723" /><tailbending status="finished" value="False" probability="0.0004997474607080221" /><notochorddefects status="finished" value="False" probability="2.965424209833145e-05" /><craniofacialedema status="finished" value="False" probability="0.003465958870947361" /><finabsence status="finished" value="False" probability="0.017992177978157997" /><scoliosis status="finished" value="False" probability="0.0008826513076201081" /><snoutjawdefects status="finished" value="False" probability="0.09785114228725433" /><otolithsdefects status="finished" value="False" /><fishoutline dorsal_image_area="896942.75" lateral_image_area="1189944.25" status="finished" unit="micron_square" /></Well>
  <Well chorion="chorion" compound="1989" correction_done="True" creation_date="2019-11-12T13:11:44.520" dead120="0" dead24="0" dorsal_image="20191112_1989_R2.1_1724_R3.2_tail_W_left_E09_1_1.png" dose="0.81" excluded="False" exposure="single_dose" lateral_image="20191112_1989_R2.1_1724_R3.2_tail_W_left_E09_1_2.png" name="E09" show2user="1" unhatched120="0" unit="uM" well_folder="Well_left_E09"><bodycurvature status="finished" value="True" probability="0.7708452939987183" /><yolkedema status="finished" value="True" probability="0.7865904569625854" /><necrosis status="finished" value="True" probability="0.8554766178131104" /><tailbending status="finished" value="False" probability="0.46974122524261475" /><notochorddefects status="finished" value="False" probability="0.4205949902534485" /><craniofacialedema status="finished" value="False" probability="0.4811326265335083" /><finabsence status="finished" value="False" probability="0.4903523027896881" /><scoliosis status="finished" value="True" probability="0.7138986587524414" /><snoutjawdefects status="finished" value="True" probability="0.8748413920402527" /><otolithsdefects status="finished" value="False" /><fishoutline dorsal_image_area="918995.00" lateral_image_area="1037575.00" status="finished" unit="micron_square" /></Well>
  <Well chorion="chorion" compound="1989" correction_done="True" creation_date="2019-11-12T13:11:44.520" dead120="0" dead24="0" dorsal_image="20191112_1989_R2.1_1724_R3.2_head_W_left_E10_1_1.png" dose="0.81" excluded="False" exposure="single_dose" lateral_image="20191112_1989_R2.1_1724_R3.2_head_W_left_E10_1_4.png" name="E10" show2user="1" unhatched120="0" unit="uM" well_folder="Well_left_E10"><bodycurvature status="finished" value="False" probability="6.36225231573917e-05" /><yolkedema status="finished" value="False" probability="0.0005476632504723966" /><necrosis status="finished" value="False" probability="0.0027527918573468924" /><tailbending status="finished" value="False" probability="0.00017544454021845013" /><notochorddefects status="finished" value="False" probability="2.126299420979194e-07" /><craniofacialedema status="finished" value="False" probability="1.8514595012675272e-06" /><finabsence status="finished" value="False" probability="2.111485810019076e-05" /><scoliosis status="finished" value="False" probability="0.0007163545815274119" /><snoutjawdefects status="finished" value="False" probability="0.001549822511151433" /><otolithsdefects status="finished" value="False" /><fishoutline dorsal_image_area="1022631.50" lateral_image_area="1350269.25" status="finished" unit="micron_square" /></Well>
  <Well chorion="chorion" compound="1989" correction_done="True" creation_date="2019-11-12T13:11:44.520" dead120="0" dead24="0" dorsal_image="20191112_1989_R2.1_1724_R3.2_tail_W_left_E11_1_1.png" dose="0.81" excluded="False" exposure="single_dose" lateral_image="20191112_1989_R2.1_1724_R3.2_tail_W_left_E11_1_2.png" name="E11" show2user="1" unhatched120="0" unit="uM" well_folder="Well_left_E11"><bodycurvature status="finished" value="False" probability="0.0007761750021018088" /><yolkedema status="finished" value="False" probability="0.001625330769456923" /><necrosis status="finished" value="False" probability="0.004656155128031969" /><tailbending status="finished" value="False" probability="0.0020238293800503016" /><notochorddefects status="finished" value="False" probability="1.101335965358885e-05" /><craniofacialedema status="finished" value="False" probability="2.052322270174045e-05" /><finabsence status="finished" value="False" probability="0.00018983612244483083" /><scoliosis status="finished" value="False" probability="0.003869206877425313" /><snoutjawdefects status="finished" value="False" probability="0.00415947986766696" /><otolithsdefects status="finished" value="False" /><fishoutline dorsal_image_area="953661.50" lateral_image_area="1285171.25" status="finished" unit="micron_square" /></Well>
  <Well chorion="chorion" compound="3,4-DCA" correction_done="True" creation_date="2019-11-12T13:11:44.520" dead120="0" dead24="0" dorsal_image="20191112_1989_R2.1_1724_R3.2_head_W_left_E12_1_1.png" dose="3.13" excluded="False" exposure="single_dose" lateral_image="20191112_1989_R2.1_1724_R3.2_head_W_left_E12_1_4.png" name="E12" show2user="1" unhatched120="0" unit="uM" well_folder="Well_left_E12"><bodycurvature status="finished" value="False" probability="0.00015718245413154364" /><yolkedema status="finished" value="False" probability="0.0018832181813195348" /><necrosis status="finished" value="False" probability="0.012488835491240025" /><tailbending status="finished" value="False" probability="0.00024162873160094023" /><notochorddefects status="finished" value="False" probability="8.268103215414158e-07" /><craniofacialedema status="finished" value="False" probability="2.2303920559352264e-05" /><finabsence status="finished" value="False" probability="0.00017966153973247856" /><scoliosis status="finished" value="False" probability="0.0006208017584867775" /><snoutjawdefects status="finished" value="False" probability="0.0056455074809491634" /><otolithsdefects status="finished" value="False" /><fishoutline dorsal_image_area="981612.50" lateral_image_area="1285262.00" status="finished" unit="micron_square" /></Well>
  <Well chorion="chorion" compound="1989" correction_done="True" creation_date="2019-11-12T13:11:44.520" dead120="0" dead24="0" dorsal_image="20191112_1989_R2.1_1724_R3.2_tail_W_left_F01_1_1.png" dose="0.24" excluded="False" exposure="single_dose" lateral_image="20191112_1989_R2.1_1724_R3.2_tail_W_left_F01_1_2.png" name="F01" show2user="1" unhatched120="0" unit="uM" well_folder="Well_left_F01"><bodycurvature status="finished" value="False" probability="0.3706943988800049" /><yolkedema status="finished" value="False" probability="0.0010892130667343736" /><necrosis status="finished" value="False" probability="0.0013079203199595213" /><tailbending status="finished" value="True" probability="0.5788441896438599" /><notochorddefects status="finished" value="False" probability="0.011953403241932392" /><craniofacialedema status="finished" value="False" probability="2.3864924514782615e-05" /><finabsence status="finished" value="False" probability="0.0007878919132053852" /><scoliosis status="finished" value="True" probability="0.513860285282135" /><snoutjawdefects status="finished" value="False" probability="0.011017451994121075" /><otolithsdefects status="finished" value="False" /><fishoutline dorsal_image_area="922413.25" lateral_image_area="1253287.75" status="finished" unit="micron_square" /></Well>
  <Well chorion="chorion" compound="1989" correction_done="True" creation_date="2019-11-12T13:11:44.520" dead120="0" dead24="0" dorsal_image="20191112_1989_R2.1_1724_R3.2_head_W_left_F02_1_1.png" dose="0.24" excluded="False" exposure="single_dose" lateral_image="20191112_1989_R2.1_1724_R3.2_head_W_left_F02_1_4.png" name="F02" show2user="1" unhatched120="0" unit="uM" well_folder="Well_left_F02"><bodycurvature status="finished" value="False" probability="0.035399179905653" /><yolkedema status="finished" value="False" probability="0.007645971607416868" /><necrosis status="finished" value="False" probability="0.011458827182650566" /><tailbending status="finished" value="False" probability="0.036979660391807556" /><notochorddefects status="finished" value="False" probability="0.0008788342820480466" /><craniofacialedema status="finished" value="False" probability="0.00027650041738525033" /><finabsence status="finished" value="False" probability="0.007547276560217142" /><scoliosis status="finished" value="False" probability="0.025492284446954727" /><snoutjawdefects status="finished" value="False" probability="0.031043387949466705" /><otolithsdefects status="finished" value="False" /><fishoutline dorsal_image_area="976470.00" lateral_image_area="1286078.75" status="finished" unit="micron_square" /></Well>
  <Well chorion="chorion" compound="1989" correction_done="True" creation_date="2019-11-12T13:11:44.520" dead120="0" dead24="0" dorsal_image="20191112_1989_R2.1_1724_R3.2_tail_W_left_F03_1_1.png" dose="0.24" excluded="False" exposure="single_dose" lateral_image="20191112_1989_R2.1_1724_R3.2_tail_W_left_F03_1_2.png" name="F03" show2user="1" unhatched120="0" unit="uM" well_folder="Well_left_F03"><bodycurvature status="finished" value="False" probability="0.02662198804318905" /><yolkedema status="finished" value="False" probability="0.08497577905654907" /><necrosis status="finished" value="False" probability="0.11114905774593353" /><tailbending status="finished" value="False" probability="0.019374003633856773" /><notochorddefects status="finished" value="False" probability="0.00484812818467617" /><craniofacialedema status="finished" value="False" probability="0.01019971165806055" /><finabsence status="finished" value="False" probability="0.13164564967155457" /><scoliosis status="finished" value="False" probability="0.02758779749274254" /><snoutjawdefects status="finished" value="False" probability="0.0900937020778656" /><otolithsdefects status="finished" value="False" /><fishoutline dorsal_image_area="896186.50" lateral_image_area="1169797.75" status="finished" unit="micron_square" /></Well>
  <Well chorion="chorion" compound="1989" correction_done="True" creation_date="2019-11-12T13:11:44.520" dead120="0" dead24="0" dorsal_image="20191112_1989_R2.1_1724_R3.2_head_W_left_F04_1_1.png" dose="0.24" excluded="False" exposure="single_dose" lateral_image="20191112_1989_R2.1_1724_R3.2_head_W_left_F04_1_4.png" name="F04" show2user="1" unhatched120="0" unit="uM" well_folder="Well_left_F04"><bodycurvature status="finished" value="False" probability="0.11307457089424133" /><yolkedema status="finished" value="False" probability="0.010714803822338581" /><necrosis status="finished" value="False" probability="0.028534281998872757" /><tailbending status="finished" value="False" probability="0.11203756183385849" /><notochorddefects status="finished" value="False" probability="0.001985944574698806" /><craniofacialedema status="finished" value="False" probability="0.0010464844526723027" /><finabsence status="finished" value="False" probability="0.01611982099711895" /><scoliosis status="finished" value="False" probability="0.05053550377488136" /><snoutjawdefects status="finished" value="False" probability="0.04421975091099739" /><otolithsdefects status="finished" value="False" /><fishoutline dorsal_image_area="930701.75" lateral_image_area="1291826.25" status="finished" unit="micron_square" /></Well>
  <Well chorion="chorion" compound="1989" correction_done="True" creation_date="2019-11-12T13:11:44.520" dead120="0" dead24="0" dorsal_image="20191112_1989_R2.1_1724_R3.2_tail_W_left_F05_1_1.png" dose="0.24" excluded="False" exposure="single_dose" lateral_image="20191112_1989_R2.1_1724_R3.2_tail_W_left_F05_1_2.png" name="F05" show2user="1" unhatched120="0" unit="uM" well_folder="Well_left_F05"><bodycurvature status="finished" value="False" probability="0.001902532996609807" /><yolkedema status="finished" value="False" probability="0.005540319252759218" /><necrosis status="finished" value="False" probability="0.014847948215901852" /><tailbending status="finished" value="False" probability="0.0018059003632515669" /><notochorddefects status="finished" value="False" probability="1.649257683311589e-05" /><craniofacialedema status="finished" value="False" probability="0.0001317767018917948" /><finabsence status="finished" value="False" probability="0.002869714517146349" /><scoliosis status="finished" value="False" probability="0.001524567836895585" /><snoutjawdefects status="finished" value="False" probability="0.024926260113716125" /><otolithsdefects status="finished" value="False" /><fishoutline dorsal_image_area="909073.00" lateral_image_area="1232082.50" status="finished" unit="micron_square" /></Well>
  <Well chorion="chorion" compound="1989" correction_done="True" creation_date="2019-11-12T13:11:44.520" dead120="0" dead24="0" dorsal_image="20191112_1989_R2.1_1724_R3.2_head_W_left_F06_1_1.png" dose="0.24" excluded="False" exposure="single_dose" lateral_image="20191112_1989_R2.1_1724_R3.2_head_W_left_F06_1_4.png" name="F06" show2user="1" unhatched120="0" unit="uM" well_folder="Well_left_F06"><bodycurvature status="finished" value="False" probability="0.01842053234577179" /><yolkedema status="finished" value="False" probability="0.0038159654941409826" /><necrosis status="finished" value="False" probability="0.006541387178003788" /><tailbending status="finished" value="False" probability="0.029737377539277077" /><notochorddefects status="finished" value="False" probability="0.0004562188987620175" /><craniofacialedema status="finished" value="False" probability="0.00010836633737199008" /><finabsence status="finished" value="False" probability="0.0018738615326583385" /><scoliosis status="finished" value="False" probability="0.029844071716070175" /><snoutjawdefects status="finished" value="False" probability="0.012818613089621067" /><otolithsdefects status="finished" value="False" /><fishoutline dorsal_image_area="950485.25" lateral_image_area="1285262.00" status="finished" unit="micron_square" /></Well>
  <Well chorion="chorion" compound="1989" correction_done="True" creation_date="2019-11-12T13:11:44.520" dead120="0" dead24="0" dorsal_image="20191112_1989_R2.1_1724_R3.2_tail_W_left_F07_1_1.png" dose="0.24" excluded="False" exposure="single_dose" lateral_image="20191112_1989_R2.1_1724_R3.2_tail_W_left_F07_1_2.png" name="F07" show2user="1" unhatched120="0" unit="uM" well_folder="Well_left_F07"><bodycurvature status="finished" value="False" probability="0.007602177560329437" /><yolkedema status="finished" value="False" probability="0.022892005741596222" /><necrosis status="finished" value="False" probability="0.021204348653554916" /><tailbending status="finished" value="False" probability="0.0043679093942046165" /><notochorddefects status="finished" value="False" probability="0.0002683582133613527" /><craniofacialedema status="finished" value="False" probability="0.00043543733772821724" /><finabsence status="finished" value="False" probability="0.006964590400457382" /><scoliosis status="finished" value="False" probability="0.0041922712698578835" /><snoutjawdefects status="finished" value="False" probability="0.053672291338443756" /><otolithsdefects status="finished" value="False" /><fishoutline dorsal_image_area="928675.00" lateral_image_area="1262120.75" status="finished" unit="micron_square" /></Well>
  <Well chorion="chorion" compound="1989" correction_done="True" creation_date="2019-11-12T13:11:44.520" dead120="0" dead24="0" dorsal_image="20191112_1989_R2.1_1724_R3.2_head_W_left_F08_1_1.png" dose="0.24" excluded="False" exposure="single_dose" lateral_image="20191112_1989_R2.1_1724_R3.2_head_W_left_F08_1_4.png" name="F08" show2user="1" unhatched120="0" unit="uM" well_folder="Well_left_F08"><bodycurvature status="finished" value="False" probability="0.0004555900814011693" /><yolkedema status="finished" value="False" probability="0.00162415427621454" /><necrosis status="finished" value="False" probability="0.007416312117129564" /><tailbending status="finished" value="False" probability="0.0007134726038202643" /><notochorddefects status="finished" value="False" probability="1.572660039528273e-06" /><craniofacialedema status="finished" value="False" probability="2.008311821555253e-05" /><finabsence status="finished" value="False" probability="0.00019597513892222196" /><scoliosis status="finished" value="False" probability="0.0009880291763693094" /><snoutjawdefects status="finished" value="False" probability="0.006846154108643532" /><otolithsdefects status="finished" value="False" /><fishoutline dorsal_image_area="970450.25" lateral_image_area="1300931.50" status="finished" unit="micron_square" /></Well>
  <Well chorion="chorion" compound="1989" correction_done="True" creation_date="2019-11-12T13:11:44.520" dead120="0" dead24="0" dorsal_image="20191112_1989_R2.1_1724_R3.2_tail_W_left_F09_1_1.png" dose="0.24" excluded="False" exposure="single_dose" lateral_image="20191112_1989_R2.1_1724_R3.2_tail_W_left_F09_1_2.png" name="F09" show2user="1" unhatched120="0" unit="uM" well_folder="Well_left_F09"><bodycurvature status="finished" value="False" probability="0.00012375315418466926" /><yolkedema status="finished" value="False" probability="0.0006915718549862504" /><necrosis status="finished" value="False" probability="0.00455558393150568" /><tailbending status="finished" value="False" probability="0.0002846639254130423" /><notochorddefects status="finished" value="False" probability="4.1682125129227643e-07" /><craniofacialedema status="finished" value="False" probability="6.2663666540174745e-06" /><finabsence status="finished" value="False" probability="8.69258219609037e-05" /><scoliosis status="finished" value="False" probability="0.0005307981045916677" /><snoutjawdefects status="finished" value="False" probability="0.0030065663158893585" /><otolithsdefects status="finished" value="False" /><fishoutline dorsal_image_area="1015734.50" lateral_image_area="1333510.75" status="finished" unit="micron_square" /></Well>
  <Well chorion="chorion" compound="1989" correction_done="True" creation_date="2019-11-12T13:11:44.520" dead120="0" dead24="0" dorsal_image="20191112_1989_R2.1_1724_R3.2_head_W_left_F10_1_1.png" dose="0.24" excluded="False" exposure="single_dose" lateral_image="20191112_1989_R2.1_1724_R3.2_head_W_left_F10_1_4.png" name="F10" show2user="1" unhatched120="0" unit="uM" well_folder="Well_left_F10"><bodycurvature status="finished" value="False" probability="0.0009554342250339687" /><yolkedema status="finished" value="False" probability="0.0025623657274991274" /><necrosis status="finished" value="False" probability="0.0054739657789468765" /><tailbending status="finished" value="False" probability="0.00139068893622607" /><notochorddefects status="finished" value="False" probability="6.0041702454327606e-06" /><craniofacialedema status="finished" value="False" probability="2.282775858475361e-05" /><finabsence status="finished" value="False" probability="0.00014920112153049558" /><scoliosis status="finished" value="False" probability="0.002093916293233633" /><snoutjawdefects status="finished" value="False" probability="0.007728115189820528" /><otolithsdefects status="finished" value="False" /><fishoutline dorsal_image_area="933908.25" lateral_image_area="1245453.00" status="finished" unit="micron_square" /></Well>
  <Well chorion="chorion" compound="1989" correction_done="True" creation_date="2019-11-12T13:11:44.520" dead120="0" dead24="0" dose="0.24" excluded="False" exposure="single_dose" name="F11" show2user="0" unhatched120="0" unit="uM" well_folder="Well_left_F11" />
  <Well chorion="chorion" compound="3,4-DCA" correction_done="True" creation_date="2019-11-12T13:11:44.520" dead120="0" dead24="0" dorsal_image="20191112_1989_R2.1_1724_R3.2_tail_W_left_F12_1_1.png" dose="1.5" excluded="False" exposure="single_dose" lateral_image="20191112_1989_R2.1_1724_R3.2_tail_W_left_F12_1_2.png" name="F12" show2user="1" unhatched120="0" unit="uM" well_folder="Well_left_F12"><bodycurvature status="finished" value="False" probability="0.0002647520450409502" /><yolkedema status="finished" value="False" probability="0.00206892192363739" /><necrosis status="finished" value="False" probability="0.013833073899149895" /><tailbending status="finished" value="False" probability="0.0006882612942717969" /><notochorddefects status="finished" value="False" probability="4.396360054670367e-06" /><craniofacialedema status="finished" value="False" probability="4.006755261798389e-05" /><finabsence status="finished" value="False" probability="0.00018063979223370552" /><scoliosis status="finished" value="False" probability="0.0026248442009091377" /><snoutjawdefects status="finished" value="False" probability="0.0030106783378869295" /><otolithsdefects status="finished" value="False" /><fishoutline dorsal_image_area="959620.75" lateral_image_area="1287228.25" status="finished" unit="micron_square" /></Well>
  <Well chorion="chorion" compound="1989" correction_done="True" creation_date="2019-11-12T13:11:44.520" dead120="0" dead24="0" dose="0.07" excluded="False" exposure="single_dose" name="G01" show2user="0" unhatched120="0" unit="uM" well_folder="Well_left_G01" />
  <Well chorion="chorion" compound="1989" correction_done="True" creation_date="2019-11-12T13:11:44.520" dead120="0" dead24="0" dorsal_image="20191112_1989_R2.1_1724_R3.2_head_W_left_G02_1_1.png" dose="0.07" excluded="False" exposure="single_dose" lateral_image="20191112_1989_R2.1_1724_R3.2_head_W_left_G02_1_4.png" name="G02" show2user="1" unhatched120="0" unit="uM" well_folder="Well_left_G02"><bodycurvature status="finished" value="False" probability="0.00589724350720644" /><yolkedema status="finished" value="False" probability="0.004590302240103483" /><necrosis status="finished" value="False" probability="0.010866735130548477" /><tailbending status="finished" value="False" probability="0.005688096396625042" /><notochorddefects status="finished" value="False" probability="2.7801635951618664e-05" /><craniofacialedema status="finished" value="False" probability="0.00013866125664208084" /><finabsence status="finished" value="False" probability="0.0031013416592031717" /><scoliosis status="finished" value="False" probability="0.0027580196037888527" /><snoutjawdefects status="finished" value="False" probability="0.031000755727291107" /><otolithsdefects status="finished" value="False" /><fishoutline dorsal_image_area="894432.00" lateral_image_area="1227908.00" status="finished" unit="micron_square" /></Well>
  <Well chorion="chorion" compound="1989" correction_done="True" creation_date="2019-11-12T13:11:44.520" dead120="0" dead24="0" dorsal_image="20191112_1989_R2.1_1724_R3.2_tail_W_left_G03_1_1.png" dose="0.07" excluded="False" exposure="single_dose" lateral_image="20191112_1989_R2.1_1724_R3.2_tail_W_left_G03_1_2.png" name="G03" show2user="1" unhatched120="0" unit="uM" well_folder="Well_left_G03"><bodycurvature status="finished" value="False" probability="0.04268611595034599" /><yolkedema status="finished" value="False" probability="0.0016069647390395403" /><necrosis status="finished" value="False" probability="0.00762197095900774" /><tailbending status="finished" value="False" probability="0.041751429438591" /><notochorddefects status="finished" value="False" probability="7.179793465184048e-05" /><craniofacialedema status="finished" value="False" probability="7.321608427446336e-05" /><finabsence status="finished" value="False" probability="0.0015399826224893332" /><scoliosis status="finished" value="False" probability="0.009862001985311508" /><snoutjawdefects status="finished" value="False" probability="0.017004037275910378" /><otolithsdefects status="finished" value="False" /><fishoutline dorsal_image_area="969815.00" lateral_image_area="1305620.25" status="finished" unit="micron_square" /></Well>
  <Well chorion="chorion" compound="1989" correction_done="True" creation_date="2019-11-12T13:11:44.520" dead120="0" dead24="0" dose="0.07" excluded="False" exposure="single_dose" name="G04" show2user="0" unhatched120="0" unit="uM" well_folder="Well_left_G04" />
  <Well chorion="chorion" compound="1989" correction_done="True" creation_date="2019-11-12T13:11:44.520" dead120="0" dead24="0" dorsal_image="20191112_1989_R2.1_1724_R3.2_tail_W_left_G05_1_1.png" dose="0.07" excluded="False" exposure="single_dose" lateral_image="20191112_1989_R2.1_1724_R3.2_tail_W_left_G05_1_2.png" name="G05" show2user="1" unhatched120="0" unit="uM" well_folder="Well_left_G05"><bodycurvature status="finished" value="False" probability="0.0013726457254961133" /><yolkedema status="finished" value="False" probability="0.0005339449853636324" /><necrosis status="finished" value="False" probability="0.002224900061264634" /><tailbending status="finished" value="False" probability="0.0016270586056634784" /><notochorddefects status="finished" value="False" probability="1.243878728018899e-06" /><craniofacialedema status="finished" value="False" probability="6.349199338728795e-06" /><finabsence status="finished" value="False" probability="0.0003854139940813184" /><scoliosis status="finished" value="False" probability="0.0007573466864414513" /><snoutjawdefects status="finished" value="False" probability="0.006784226279705763" /><otolithsdefects status="finished" value="False" /><fishoutline dorsal_image_area="934876.25" lateral_image_area="1270621.00" status="finished" unit="micron_square" /></Well>
  <Well chorion="chorion" compound="1989" correction_done="True" creation_date="2019-11-12T13:11:44.520" dead120="0" dead24="0" dorsal_image="20191112_1989_R2.1_1724_R3.2_tail_W_left_G06_1_1.png" dose="0.07" excluded="False" exposure="single_dose" lateral_image="20191112_1989_R2.1_1724_R3.2_tail_W_left_G06_1_2.png" name="G06" show2user="1" unhatched120="0" unit="uM" well_folder="Well_left_G06"><bodycurvature status="finished" value="False" probability="0.003987368196249008" /><yolkedema status="finished" value="False" probability="0.007187122479081154" /><necrosis status="finished" value="False" probability="0.014570037834346294" /><tailbending status="finished" value="False" probability="0.004016736056655645" /><notochorddefects status="finished" value="False" probability="5.984390736557543e-05" /><craniofacialedema status="finished" value="False" probability="0.00020394027524162084" /><finabsence status="finished" value="False" probability="0.004146803170442581" /><scoliosis status="finished" value="False" probability="0.0031639104709029198" /><snoutjawdefects status="finished" value="False" probability="0.025129061192274094" /><otolithsdefects status="finished" value="False" /><fishoutline dorsal_image_area="910373.75" lateral_image_area="1220496.75" status="finished" unit="micron_square" /></Well>
  <Well chorion="chorion" compound="1989" correction_done="True" creation_date="2019-11-12T13:11:44.520" dead120="0" dead24="0" dorsal_image="20191112_1989_R2.1_1724_R3.2_head_W_left_G07_1_1.png" dose="0.07" excluded="False" exposure="single_dose" lateral_image="20191112_1989_R2.1_1724_R3.2_head_W_left_G07_1_4.png" name="G07" show2user="1" unhatched120="0" unit="uM" well_folder="Well_left_G07"><bodycurvature status="finished" value="False" probability="0.004547441378235817" /><yolkedema status="finished" value="False" probability="0.014470160007476807" /><necrosis status="finished" value="False" probability="0.03405335545539856" /><tailbending status="finished" value="False" probability="0.003054739674553275" /><notochorddefects status="finished" value="False" probability="4.1741979657672346e-05" /><craniofacialedema status="finished" value="False" probability="0.0004120815428905189" /><finabsence status="finished" value="False" probability="0.004188218154013157" /><scoliosis status="finished" value="False" probability="0.0026423840317875147" /><snoutjawdefects status="finished" value="False" probability="0.03535287454724312" /><otolithsdefects status="finished" value="False" /><fishoutline dorsal_image_area="937296.25" lateral_image_area="1290797.75" status="finished" unit="micron_square" /></Well>
  <Well chorion="chorion" compound="1989" correction_done="True" creation_date="2019-11-12T13:11:44.520" dead120="0" dead24="0" dorsal_image="20191112_1989_R2.1_1724_R3.2_head_W_left_G08_1_1.png" dose="0.07" excluded="False" exposure="single_dose" lateral_image="20191112_1989_R2.1_1724_R3.2_head_W_left_G08_1_4.png" name="G08" show2user="1" unhatched120="0" unit="uM" well_folder="Well_left_G08"><bodycurvature status="finished" value="False" probability="0.0003721972752828151" /><yolkedema status="finished" value="False" probability="0.000419111194787547" /><necrosis status="finished" value="False" probability="0.0014365093084052205" /><tailbending status="finished" value="False" probability="0.001178964041173458" /><notochorddefects status="finished" value="False" probability="1.4790225577598903e-06" /><craniofacialedema status="finished" value="False" probability="2.9946152153570438e-06" /><finabsence status="finished" value="False" probability="5.7123445003526285e-05" /><scoliosis status="finished" value="False" probability="0.0019794548861682415" /><snoutjawdefects status="finished" value="False" probability="0.003015106776729226" /><otolithsdefects status="finished" value="False" /><fishoutline dorsal_image_area="977075.00" lateral_image_area="1278092.75" status="finished" unit="micron_square" /></Well>
  <Well chorion="chorion" compound="1989" correction_done="True" creation_date="2019-11-12T13:11:44.520" dead120="0" dead24="0" dorsal_image="20191112_1989_R2.1_1724_R3.2_head_W_left_G09_1_1.png" dose="0.07" excluded="False" exposure="single_dose" lateral_image="20191112_1989_R2.1_1724_R3.2_head_W_left_G09_1_4.png" name="G09" show2user="1" unhatched120="0" unit="uM" well_folder="Well_left_G09"><bodycurvature status="finished" value="True" probability="0.6547200083732605" /><yolkedema status="finished" value="True" probability="0.9094803333282471" /><necrosis status="finished" value="True" probability="0.9655123949050903" /><tailbending status="finished" value="False" probability="0.14846165478229523" /><notochorddefects status="finished" value="False" probability="0.01913493312895298" /><craniofacialedema status="finished" value="True" probability="0.7807563543319702" /><finabsence status="finished" value="False" probability="0.4935189485549927" /><scoliosis status="finished" value="False" probability="0.17496857047080994" /><snoutjawdefects status="finished" value="True" probability="0.9127613306045532" /><otolithsdefects status="finished" value="False" /><fishoutline dorsal_image_area="1055120.00" lateral_image_area="1267142.25" status="finished" unit="micron_square" /></Well>
  <Well chorion="chorion" compound="1989" correction_done="True" creation_date="2019-11-12T13:11:44.520" dead120="0" dead24="0" dorsal_image="20191112_1989_R2.1_1724_R3.2_tail_W_left_G10_1_1.png" dose="0.07" excluded="False" exposure="single_dose" lateral_image="20191112_1989_R2.1_1724_R3.2_tail_W_left_G10_1_2.png" name="G10" show2user="1" unhatched120="0" unit="uM" well_folder="Well_left_G10"><bodycurvature status="finished" value="False" probability="0.08195611089468002" /><yolkedema status="finished" value="False" probability="0.02659529261291027" /><necrosis status="finished" value="False" probability="0.030069148167967796" /><tailbending status="finished" value="False" probability="0.047077544033527374" /><notochorddefects status="finished" value="False" probability="0.0026266900822520256" /><craniofacialedema status="finished" value="False" probability="0.0009357646340504289" /><finabsence status="finished" value="False" probability="0.012197091244161129" /><scoliosis status="finished" value="False" probability="0.03520005941390991" /><snoutjawdefects status="finished" value="False" probability="0.08085756003856659" /><otolithsdefects status="finished" value="False" /><fishoutline dorsal_image_area="876221.50" lateral_image_area="1201409.00" status="finished" unit="micron_square" /></Well>
  <Well chorion="chorion" compound="1989" correction_done="True" creation_date="2019-11-12T13:11:44.520" dead120="0" dead24="0" dorsal_image="20191112_1989_R2.1_1724_R3.2_head_W_left_G11_1_1.png" dose="0.07" excluded="False" exposure="single_dose" lateral_image="20191112_1989_R2.1_1724_R3.2_head_W_left_G11_1_4.png" name="G11" show2user="1" unhatched120="0" unit="uM" well_folder="Well_left_G11"><bodycurvature status="finished" value="False" probability="0.0003422555746510625" /><yolkedema status="finished" value="False" probability="0.0018521572928875685" /><necrosis status="finished" value="False" probability="0.005813286639750004" /><tailbending status="finished" value="False" probability="0.0004582102410495281" /><notochorddefects status="finished" value="False" probability="1.3178722610973637e-06" /><craniofacialedema status="finished" value="False" probability="1.8883989469031803e-05" /><finabsence status="finished" value="False" probability="0.0007303119054995477" /><scoliosis status="finished" value="False" probability="0.0006338179227896035" /><snoutjawdefects status="finished" value="False" probability="0.010325486771762371" /><otolithsdefects status="finished" value="False" /><fishoutline dorsal_image_area="985696.25" lateral_image_area="1310369.50" status="finished" unit="micron_square" /></Well>
  <Well chorion="chorion" compound="3,4-DCA" correction_done="True" creation_date="2019-11-12T13:11:44.520" dead120="0" dead24="0" dorsal_image="20191112_1989_R2.1_1724_R3.2_head_W_left_G12_1_1.png" dose="0.78" excluded="False" exposure="single_dose" lateral_image="20191112_1989_R2.1_1724_R3.2_head_W_left_G12_1_4.png" name="G12" show2user="1" unhatched120="0" unit="uM" well_folder="Well_left_G12"><bodycurvature status="finished" value="False" probability="0.00029037310741841793" /><yolkedema status="finished" value="False" probability="2.9842645744793117e-05" /><necrosis status="finished" value="False" probability="0.00016755030083004385" /><tailbending status="finished" value="False" probability="0.0014213583199307323" /><notochorddefects status="finished" value="False" probability="1.616258629155709e-07" /><craniofacialedema status="finished" value="False" probability="8.371313242605538e-08" /><finabsence status="finished" value="False" probability="1.559951215313049e-06" /><scoliosis status="finished" value="False" probability="0.0021320597734302282" /><snoutjawdefects status="finished" value="False" probability="0.000509269826579839" /><otolithsdefects status="finished" value="False" /><fishoutline dorsal_image_area="958773.75" lateral_image_area="1279726.25" status="finished" unit="micron_square" /></Well>
  <Well chorion="chorion" compound="DMSO" correction_done="True" creation_date="2019-11-12T13:11:44.520" dead120="0" dead24="0" dorsal_image="20191112_1989_R2.1_1724_R3.2_head_W_left_H01_1_1.png" dose="0.5" excluded="False" exposure="single_dose" lateral_image="20191112_1989_R2.1_1724_R3.2_head_W_left_H01_1_4.png" name="H01" show2user="1" unhatched120="0" unit="%" well_folder="Well_left_H01"><bodycurvature status="finished" value="False" probability="0.0012008115882053971" /><yolkedema status="finished" value="False" probability="0.0005404913099482656" /><necrosis status="finished" value="False" probability="0.002328647533431649" /><tailbending status="finished" value="False" probability="0.002416989067569375" /><notochorddefects status="finished" value="False" probability="4.668163455789909e-06" /><craniofacialedema status="finished" value="False" probability="9.34813760977704e-06" /><finabsence status="finished" value="False" probability="0.0005159714492037892" /><scoliosis status="finished" value="False" probability="0.002236273605376482" /><snoutjawdefects status="finished" value="False" probability="0.007951091043651104" /><otolithsdefects status="finished" value="False" /><fishoutline dorsal_image_area="982550.25" lateral_image_area="1251170.25" status="finished" unit="micron_square" /></Well>
  <Well chorion="chorion" compound="DMSO" correction_done="True" creation_date="2019-11-12T13:11:44.520" dead120="0" dead24="0" dorsal_image="20191112_1989_R2.1_1724_R3.2_tail_W_left_H02_1_1.png" dose="0.5" excluded="False" exposure="single_dose" lateral_image="20191112_1989_R2.1_1724_R3.2_tail_W_left_H02_1_2.png" name="H02" show2user="1" unhatched120="0" unit="%" well_folder="Well_left_H02"><bodycurvature status="finished" value="False" probability="0.007578105200082064" /><yolkedema status="finished" value="False" probability="0.1421777456998825" /><necrosis status="finished" value="False" probability="0.3529907464981079" /><tailbending status="finished" value="False" probability="0.002629100577905774" /><notochorddefects status="finished" value="False" probability="0.0001641896815272048" /><craniofacialedema status="finished" value="False" probability="0.016429688781499863" /><finabsence status="finished" value="False" probability="0.053321775048971176" /><scoliosis status="finished" value="False" probability="0.002816722961142659" /><snoutjawdefects status="finished" value="False" probability="0.11560411006212234" /><otolithsdefects status="finished" value="False" /><fishoutline dorsal_image_area="865876.00" lateral_image_area="1155187.00" status="finished" unit="micron_square" /></Well>
  <Well chorion="chorion" compound="DMSO" correction_done="True" creation_date="2019-11-12T13:11:44.520" dead120="0" dead24="0" dorsal_image="20191112_1989_R2.1_1724_R3.2_head_W_left_H03_1_1.png" dose="0.5" excluded="False" exposure="single_dose" lateral_image="20191112_1989_R2.1_1724_R3.2_head_W_left_H03_1_4.png" name="H03" show2user="1" unhatched120="0" unit="%" well_folder="Well_left_H03"><bodycurvature status="finished" value="False" probability="0.0019892542622983456" /><yolkedema status="finished" value="False" probability="0.002706916071474552" /><necrosis status="finished" value="False" probability="0.004481212235987186" /><tailbending status="finished" value="False" probability="0.003491821466013789" /><notochorddefects status="finished" value="False" probability="3.5207736800657585e-05" /><craniofacialedema status="finished" value="False" probability="4.3392468796810135e-05" /><finabsence status="finished" value="False" probability="0.0007197490194812417" /><scoliosis status="finished" value="False" probability="0.005621299613267183" /><snoutjawdefects status="finished" value="False" probability="0.008502631448209286" /><otolithsdefects status="finished" value="False" /><fishoutline dorsal_image_area="870595.00" lateral_image_area="1155731.50" status="finished" unit="micron_square" /></Well>
  <Well chorion="chorion" compound="DMSO" correction_done="True" creation_date="2019-11-12T13:11:44.520" dead120="0" dead24="0" dorsal_image="20191112_1989_R2.1_1724_R3.2_head_W_left_H04_1_1.png" dose="0.5" excluded="False" exposure="single_dose" lateral_image="20191112_1989_R2.1_1724_R3.2_head_W_left_H04_1_4.png" name="H04" show2user="1" unhatched120="0" unit="%" well_folder="Well_left_H04"><bodycurvature status="finished" value="False" probability="0.010175035335123539" /><yolkedema status="finished" value="False" probability="0.001545677543617785" /><necrosis status="finished" value="False" probability="0.0030124951153993607" /><tailbending status="finished" value="False" probability="0.017109975218772888" /><notochorddefects status="finished" value="False" probability="9.520369349047542e-05" /><craniofacialedema status="finished" value="False" probability="3.8068421417847276e-05" /><finabsence status="finished" value="False" probability="0.0018494914984330535" /><scoliosis status="finished" value="False" probability="0.01035286858677864" /><snoutjawdefects status="finished" value="False" probability="0.012000111863017082" /><otolithsdefects status="finished" value="False" /><fishoutline dorsal_image_area="939565.00" lateral_image_area="1306316.00" status="finished" unit="micron_square" /></Well>
  <Well chorion="chorion" compound="DMSO" correction_done="True" creation_date="2019-11-12T13:11:44.520" dead120="0" dead24="0" dorsal_image="20191112_1989_R2.1_1724_R3.2_head_W_left_H05_1_1.png" dose="0.5" excluded="False" exposure="single_dose" lateral_image="20191112_1989_R2.1_1724_R3.2_head_W_left_H05_1_4.png" name="H05" show2user="1" unhatched120="0" unit="%" well_folder="Well_left_H05"><bodycurvature status="finished" value="False" probability="0.010533682070672512" /><yolkedema status="finished" value="False" probability="0.01070047914981842" /><necrosis status="finished" value="False" probability="0.024832481518387794" /><tailbending status="finished" value="False" probability="0.006603254936635494" /><notochorddefects status="finished" value="False" probability="6.660103099420667e-05" /><craniofacialedema status="finished" value="False" probability="0.00030077918199822307" /><finabsence status="finished" value="False" probability="0.004580536391586065" /><scoliosis status="finished" value="False" probability="0.004291515797376633" /><snoutjawdefects status="finished" value="False" probability="0.028864221647381783" /><otolithsdefects status="finished" value="False" /><fishoutline dorsal_image_area="839316.50" lateral_image_area="1149046.25" status="finished" unit="micron_square" /></Well>
  <Well chorion="chorion" compound="DMSO" correction_done="True" creation_date="2019-11-12T13:11:44.520" dead120="0" dead24="0" dorsal_image="20191112_1989_R2.1_1724_R3.2_tail_W_left_H06_1_1.png" dose="0.5" excluded="False" exposure="single_dose" lateral_image="20191112_1989_R2.1_1724_R3.2_tail_W_left_H06_1_2.png" name="H06" show2user="1" unhatched120="0" unit="%" well_folder="Well_left_H06"><bodycurvature status="finished" value="False" probability="0.06335420161485672" /><yolkedema status="finished" value="False" probability="0.0003058004949707538" /><necrosis status="finished" value="False" probability="0.0010445585940033197" /><tailbending status="finished" value="False" probability="0.20020966231822968" /><notochorddefects status="finished" value="False" probability="0.00047766233910806477" /><craniofacialedema status="finished" value="False" probability="1.1562277904886287e-05" /><finabsence status="finished" value="False" probability="0.0006636349717155099" /><scoliosis status="finished" value="False" probability="0.14019131660461426" /><snoutjawdefects status="finished" value="False" probability="0.004506972152739763" /><otolithsdefects status="finished" value="False" /><fishoutline dorsal_image_area="980463.00" lateral_image_area="1317599.25" status="finished" unit="micron_square" /></Well>
  <Well chorion="chorion" compound="DMSO" correction_done="True" creation_date="2019-11-12T13:11:44.520" dead120="0" dead24="0" dorsal_image="20191112_1989_R2.1_1724_R3.2_head_W_left_H07_1_1.png" dose="0.5" excluded="False" exposure="single_dose" lateral_image="20191112_1989_R2.1_1724_R3.2_head_W_left_H07_1_4.png" name="H07" show2user="1" unhatched120="0" unit="%" well_folder="Well_left_H07"><bodycurvature status="finished" value="False" probability="0.0056305211037397385" /><yolkedema status="finished" value="False" probability="0.0046293712221086025" /><necrosis status="finished" value="False" probability="0.010790378786623478" /><tailbending status="finished" value="False" probability="0.0065966518595814705" /><notochorddefects status="finished" value="False" probability="9.549483365844935e-05" /><craniofacialedema status="finished" value="False" probability="0.00012518904986791313" /><finabsence status="finished" value="False" probability="0.002148333704099059" /><scoliosis status="finished" value="False" probability="0.008137395605444908" /><snoutjawdefects status="finished" value="False" probability="0.01683982089161873" /><otolithsdefects status="finished" value="False" /><fishoutline dorsal_image_area="911099.75" lateral_image_area="1228634.00" status="finished" unit="micron_square" /></Well>
  <Well chorion="chorion" compound="DMSO" correction_done="True" creation_date="2019-11-12T13:11:44.520" dead120="0" dead24="0" dorsal_image="20191112_1989_R2.1_1724_R3.2_head_W_left_H08_1_1.png" dose="0.5" excluded="False" exposure="single_dose" lateral_image="20191112_1989_R2.1_1724_R3.2_head_W_left_H08_1_4.png" name="H08" show2user="1" unhatched120="0" unit="%" well_folder="Well_left_H08"><bodycurvature status="finished" value="False" probability="0.015097318217158318" /><yolkedema status="finished" value="False" probability="0.0013240256812423468" /><necrosis status="finished" value="False" probability="0.006489613093435764" /><tailbending status="finished" value="False" probability="0.020144646987318993" /><notochorddefects status="finished" value="False" probability="2.939260048151482e-05" /><craniofacialedema status="finished" value="False" probability="3.6579564039129764e-05" /><finabsence status="finished" value="False" probability="0.0006640987703576684" /><scoliosis status="finished" value="False" probability="0.00958082266151905" /><snoutjawdefects status="finished" value="False" probability="0.00873415544629097" /><otolithsdefects status="finished" value="False" /><fishoutline dorsal_image_area="981370.50" lateral_image_area="1309915.75" status="finished" unit="micron_square" /></Well>
  <Well chorion="chorion" compound="DMSO" correction_done="True" creation_date="2019-11-12T13:11:44.520" dead120="0" dead24="0" dorsal_image="20191112_1989_R2.1_1724_R3.2_tail_W_left_H09_1_1.png" dose="0.5" excluded="False" exposure="single_dose" lateral_image="20191112_1989_R2.1_1724_R3.2_tail_W_left_H09_1_2.png" name="H09" show2user="1" unhatched120="0" unit="%" well_folder="Well_left_H09"><bodycurvature status="finished" value="False" probability="0.0013182045659050345" /><yolkedema status="finished" value="False" probability="0.041449595242738724" /><necrosis status="finished" value="False" probability="0.40180522203445435" /><tailbending status="finished" value="False" probability="0.0005429301527328789" /><notochorddefects status="finished" value="False" probability="9.08935453480808e-06" /><craniofacialedema status="finished" value="False" probability="0.004747810307890177" /><finabsence status="finished" value="False" probability="0.012759463861584663" /><scoliosis status="finished" value="False" probability="0.0008516162633895874" /><snoutjawdefects status="finished" value="False" probability="0.06621167063713074" /><otolithsdefects status="finished" value="ND" /><fishoutline dorsal_image_area="1007415.75" lateral_image_area="1348787.00" status="finished" unit="micron_square" /></Well>
  <Well chorion="chorion" compound="DMSO" correction_done="True" creation_date="2019-11-12T13:11:44.520" dead120="0" dead24="0" dorsal_image="20191112_1989_R2.1_1724_R3.2_head_W_left_H10_1_1.png" dose="0.5" excluded="False" exposure="single_dose" lateral_image="20191112_1989_R2.1_1724_R3.2_head_W_left_H10_1_4.png" name="H10" show2user="1" unhatched120="0" unit="%" well_folder="Well_left_H10"><bodycurvature status="finished" value="False" probability="0.0007333855610340834" /><yolkedema status="finished" value="False" probability="0.0009634238667786121" /><necrosis status="finished" value="False" probability="0.001664952840656042" /><tailbending status="finished" value="False" probability="0.0015341559192165732" /><notochorddefects status="finished" value="False" probability="5.4134143283590674e-06" /><craniofacialedema status="finished" value="False" probability="5.3957105592417065e-06" /><finabsence status="finished" value="False" probability="0.0001363625779049471" /><scoliosis status="finished" value="False" probability="0.0028260478284209967" /><snoutjawdefects status="finished" value="False" probability="0.004182109143584967" /><otolithsdefects status="finished" value="False" /><fishoutline dorsal_image_area="940623.75" lateral_image_area="1303230.50" status="finished" unit="micron_square" /></Well>
  <Well chorion="chorion" compound="DMSO" correction_done="True" creation_date="2019-11-12T13:11:44.520" dead120="0" dead24="0" dorsal_image="20191112_1989_R2.1_1724_R3.2_head_W_left_H11_1_1.png" dose="0.5" excluded="False" exposure="single_dose" lateral_image="20191112_1989_R2.1_1724_R3.2_head_W_left_H11_1_4.png" name="H11" show2user="1" unhatched120="0" unit="%" well_folder="Well_left_H11"><bodycurvature status="finished" value="False" probability="0.00034883079933933914" /><yolkedema status="finished" value="False" probability="0.0010613023769110441" /><necrosis status="finished" value="False" probability="0.005037282127887011" /><tailbending status="finished" value="False" probability="0.0008031466859392822" /><notochorddefects status="finished" value="False" probability="1.4356838846651954e-06" /><craniofacialedema status="finished" value="False" probability="1.393304319208255e-05" /><finabsence status="finished" value="False" probability="0.00028369209030643106" /><scoliosis status="finished" value="False" probability="0.001352591090835631" /><snoutjawdefects status="finished" value="False" probability="0.003909934312105179" /><otolithsdefects status="finished" value="False" /><fishoutline dorsal_image_area="956928.50" lateral_image_area="1245816.00" status="finished" unit="micron_square" /></Well>
  <Well chorion="chorion" compound="3,4-DCA" correction_done="True" creation_date="2019-11-12T13:11:44.520" dead120="0" dead24="0" dorsal_image="20191112_1989_R2.1_1724_R3.2_tail_W_left_H12_1_1.png" dose="0.0" excluded="False" exposure="single_dose" lateral_image="20191112_1989_R2.1_1724_R3.2_tail_W_left_H12_1_2.png" name="H12" show2user="1" unhatched120="0" unit="uM" well_folder="Well_left_H12"><bodycurvature status="finished" value="False" probability="2.8455295250751078e-05" /><yolkedema status="finished" value="False" probability="0.00033832952613011" /><necrosis status="finished" value="False" probability="0.0015371872577816248" /><tailbending status="finished" value="False" probability="0.00010019347973866388" /><notochorddefects status="finished" value="False" probability="1.6647406653191865e-07" /><craniofacialedema status="finished" value="False" probability="1.3563619631895563e-06" /><finabsence status="finished" value="False" probability="1.9959868950536475e-05" /><scoliosis status="finished" value="False" probability="0.00038364421925507486" /><snoutjawdefects status="finished" value="False" probability="0.0017281658947467804" /><otolithsdefects status="finished" value="False" /><fishoutline dorsal_image_area="960649.25" lateral_image_area="1307072.25" status="finished" unit="micron_square" /></Well>
</Plate>