plate,well_folder,compound,dose,dead120,dead24,area_out_lat,area_heart,area_yolk,area_ov,area_eyes,area_out_dor,length_out_lat,length_heart,length_yolk,length_ov,length_eyes,length_out_dor,bodycurvature,yolkedema,necrosis,tailbending,notochorddefects,craniofacialedema,finabsence,scoliosis,snoutjawdefects
20191112_1989_CS_R2.1,Well_left_A01,1989,100.0,0,1,NA,NA,NA,NA,NA,NA,NA,NA,NA,NA,NA,NA,NA,NA,NA,NA,NA,NA,NA,NA,NA
20191112_1989_CS_R2.1,Well_left_A02,1989,100.0,0,1,NA,NA,NA,NA,NA,NA,NA,NA,NA,NA,NA,NA,NA,NA,NA,NA,NA,NA,NA,NA,NA
20191112_1989_CS_R2.1,Well_left_A03,1989,100.0,0,1,NA,NA,NA,NA,NA,NA,NA,NA,NA,NA,NA,NA,NA,NA,NA,NA,NA,NA,NA,NA,NA
20191112_1989_CS_R2.1,Well_left_A04,1989,100.0,0,1,NA,NA,NA,NA,NA,NA,NA,NA,NA,NA,NA,NA,NA,NA,NA,NA,NA,NA,NA,NA,NA
20191112_1989_CS_R2.1,Well_left_A05,1989,100.0,0,1,NA,NA,NA,NA,NA,NA,NA,NA,NA,NA,NA,NA,NA,NA,NA,NA,NA,NA,NA,NA,NA
20191112_1989_CS_R2.1,Well_left_A06,1989,100.0,0,1,NA,NA,NA,NA,NA,NA,NA,NA,NA,NA,NA,NA,NA,NA,NA,NA,NA,NA,NA,NA,NA
20191112_1989_CS_R2.1,Well_left_A07,1989,100.0,0,1,NA,NA,NA,NA,NA,NA,NA,NA,NA,NA,NA,NA,NA,NA,NA,NA,NA,NA,NA,NA,NA
20191112_1989_CS_R2.1,Well_left_A08,1989,100.0,0,1,NA,NA,NA,NA,NA,NA,NA,NA,NA,NA,NA,NA,NA,NA,NA,NA,NA,NA,NA,NA,NA
20191112_1989_CS_R2.1,Well_left_A09,1989,100.0,0,1,NA,NA,NA,NA,NA,NA,NA,NA,NA,NA,NA,NA,NA,NA,NA,NA,NA,NA,NA,NA,NA
20191112_1989_CS_R2.1,Well_left_A10,1989,100.0,0,1,NA,NA,NA,NA,NA,NA,NA,NA,NA,NA,NA,NA,NA,NA,NA,NA,NA,NA,NA,NA,NA
20191112_1989_CS_R2.1,Well_left_A11,1989,100.0,0,1,NA,NA,NA,NA,NA,NA,NA,NA,NA,NA,NA,NA,NA,NA,NA,NA,NA,NA,NA,NA,NA
20191112_1989_CS_R2.1,Well_left_A12,"3,4-DCA",50.0,0,1,NA,NA,NA,NA,NA,NA,NA,NA,NA,NA,NA,NA,NA,NA,NA,NA,NA,NA,NA,NA,NA
20191112_1989_CS_R2.1,Well_left_B01,1989,30.01,1,0,NA,NA,NA,NA,NA,NA,NA,NA,NA,NA,NA,NA,NA,NA,NA,NA,NA,NA,NA,NA,NA
20191112_1989_CS_R2.1,Well_left_B02,1989,30.01,1,0,NA,NA,NA,NA,NA,NA,NA,NA,NA,NA,NA,NA,NA,NA,NA,NA,NA,NA,NA,NA,NA
20191112_1989_CS_R2.1,Well_left_B03,1989,30.01,1,0,NA,NA,NA,NA,NA,NA,NA,NA,NA,NA,NA,NA,NA,NA,NA,NA,NA,NA,NA,NA,NA
20191112_1989_CS_R2.1,Well_left_B04,1989,30.01,1,0,NA,NA,NA,NA,NA,NA,NA,NA,NA,NA,NA,NA,NA,NA,NA,NA,NA,NA,NA,NA,NA
20191112_1989_CS_R2.1,Well_left_B05,1989,30.01,1,0,NA,NA,NA,NA,NA,NA,NA,NA,NA,NA,NA,NA,NA,NA,NA,NA,NA,NA,NA,NA,NA
20191112_1989_CS_R2.1,Well_left_B06,1989,30.01,1,0,NA,NA,NA,NA,NA,NA,NA,NA,NA,NA,NA,NA,NA,NA,NA,NA,NA,NA,NA,NA,NA
20191112_1989_CS_R2.1,Well_left_B07,1989,30.01,1,0,NA,NA,NA,NA,NA,NA,NA,NA,NA,NA,NA,NA,NA,NA,NA,NA,NA,NA,NA,NA,NA
20191112_1989_CS_R2.1,Well_left_B08,1989,30.01,1,0,NA,NA,NA,NA,NA,NA,NA,NA,NA,NA,NA,NA,NA,NA,NA,NA,NA,NA,NA,NA,NA
20191112_1989_CS_R2.1,Well_left_B09,1989,30.01,1,0,NA,NA,NA,NA,NA,NA,NA,NA,NA,NA,NA,NA,NA,NA,NA,NA,NA,NA,NA,NA,NA
20191112_1989_CS_R2.1,Well_left_B10,1989,30.01,1,0,NA,NA,NA,NA,NA,NA,NA,NA,NA,NA,NA,NA,NA,NA,NA,NA,NA,NA,NA,NA,NA
20191112_1989_CS_R2.1,Well_left_B11,1989,30.01,1,0,NA,NA,NA,NA,NA,NA,NA,NA,NA,NA,NA,NA,NA,NA,NA,NA,NA,NA,NA,NA,NA
20191112_1989_CS_R2.1,Well_left_B12,"3,4-DCA",25.0,0,1,NA,NA,NA,NA,NA,NA,NA,NA,NA,NA,NA,NA,NA,NA,NA,NA,NA,NA,NA,NA,NA
20191112_1989_CS_R2.1,Well_left_C01,1989,9.02,0,0,NA,NA,NA,NA,NA,NA,NA,NA,NA,NA,NA,NA,NA,NA,NA,NA,NA,NA,NA,NA,NA
20191112_1989_CS_R2.1,Well_left_C02,1989,9.02,0,0,NA,NA,NA,NA,NA,NA,NA,NA,NA,NA,NA,NA,NA,NA,NA,NA,NA,NA,NA,NA,NA
20191112_1989_CS_R2.1,Well_left_C03,1989,9.02,0,0,NA,NA,NA,NA,NA,NA,NA,NA,NA,NA,NA,NA,NA,NA,NA,NA,NA,NA,NA,NA,NA
20191112_1989_CS_R2.1,Well_left_C04,1989,9.02,1,0,NA,NA,NA,NA,NA,NA,NA,NA,NA,NA,NA,NA,NA,NA,NA,NA,NA,NA,NA,NA,NA
20191112_1989_CS_R2.1,Well_left_C05,1989,9.02,1,0,NA,NA,NA,NA,NA,NA,NA,NA,NA,NA,NA,NA,NA,NA,NA,NA,NA,NA,NA,NA,NA
20191112_1989_CS_R2.1,Well_left_C06,1989,9.02,0,0,NA,NA,NA,NA,NA,NA,NA,NA,NA,NA,NA,NA,NA,NA,NA,NA,NA,NA,NA,NA,NA
20191112_1989_CS_R2.1,Well_left_C07,1989,9.02,0,0,NA,NA,NA,NA,NA,NA,NA,NA,NA,NA,NA,NA,NA,NA,NA,NA,NA,NA,NA,NA,NA
20191112_1989_CS_R2.1,Well_left_C08,1989,9.02,0,0,37132.0,4393.0,7324.0,1578.0,2715.0,31523.0,580,83,189,45,44,588,True,True,True,False,False,False,True,False,True
20191112_1989_CS_R2.1,Well_left_C09,1989,9.02,0,0,36802.0,2932.0,8540.0,1564.0,2523.0,30488.0,560,72,245,43,47,577,True,True,True,False,False,False,False,True,True
20191112_1989_CS_R2.1,Well_left_C10,1989,9.02,1,0,35054.0,3487.0,6894.0,1713.0,3100.0,35159.0,552,77,162,47,54,546,True,True,True,True,False,False,False,True,True
20191112_1989_CS_R2.1,Well_left_C11,1989,9.02,0,0,37891.0,3961.0,8758.0,1863.0,2185.0,32287.0,527,86,221,51,39,532,True,True,True,True,False,True,True,True,True
20191112_1989_CS_R2.1,Well_left_C12,"3,4-DCA",12.5,0,0,NA,NA,NA,NA,NA,NA,NA,NA,NA,NA,NA,NA,NA,NA,NA,NA,NA,NA,NA,NA,NA
20191112_1989_CS_R2.1,Well_left_D01,1989,2.7,0,0,45908.0,4258.0,4820.0,1485.0,3932.0,41280.0,643,106,175,46,58,648,False,True,True,False,False,False,True,False,True
20191112_1989_CS_R2.1,Well_left_D02,1989,2.7,0,0,42468.0,1438.0,3019.0,1814.0,4682.0,34557.0,678,54,149,47,63,689,False,False,False,False,False,False,False,False,False
20191112_1989_CS_R2.1,Well_left_D03,1989,2.7,0,0,40124.0,1656.0,4627.0,1504.0,3713.0,31334.0,638,53,184,44,60,662,False,False,False,False,False,False,False,False,False
20191112_1989_CS_R2.1,Well_left_D04,1989,2.7,0,0,42239.0,1750.0,2946.0,1686.0,4161.0,33801.0,669,59,129,47,67,703,False,False,False,False,False,False,False,False,False
20191112_1989_CS_R2.1,Well_left_D05,1989,2.7,0,0,42589.0,1316.0,2860.0,1664.0,4251.0,33800.0,663,51,125,45,60,692,False,False,False,False,False,False,False,False,False
20191112_1989_CS_R2.1,Well_left_D06,1989,2.7,0,0,42798.0,1065.0,2659.0,1937.0,4163.0,33621.0,667,49,131,47,65,696,False,False,False,False,False,False,False,False,False
20191112_1989_CS_R2.1,Well_left_D07,1989,2.7,0,0,43914.0,2502.0,4250.0,1593.0,3805.0,35168.0,659,75,170,44,57,692,False,True,True,False,False,False,False,False,True
20191112_1989_CS_R2.1,Well_left_D08,1989,2.7,0,0,43463.0,1555.0,2736.0,1766.0,4272.0,34977.0,689,56,143,47,64,723,False,False,False,False,False,False,False,False,False
20191112_1989_CS_R2.1,Well_left_D09,1989,2.7,0,0,43412.0,1778.0,2064.0,1722.0,4783.0,34945.0,685,60,135,45,63,715,False,False,False,False,False,False,False,False,False
20191112_1989_CS_R2.1,Well_left_D10,1989,2.7,0,0,41629.0,2357.0,3496.0,1602.0,3867.0,32423.0,636,66,130,45,56,667,False,False,False,False,False,False,False,False,False
20191112_1989_CS_R2.1,Well_left_D11,1989,2.7,0,0,43627.0,1068.0,3538.0,1947.0,4673.0,35874.0,671,47,152,49,67,701,False,False,False,False,False,False,False,False,False
20191112_1989_CS_R2.1,Well_left_D12,"3,4-DCA",6.25,0,0,42009.0,698.0,3091.0,1827.0,4905.0,34013.0,677,34,142,47,67,710,False,False,False,False,False,False,False,False,False
20191112_1989_CS_R2.1,Well_left_E01,1989,0.81,0,0,NA,NA,NA,NA,NA,NA,NA,NA,NA,NA,NA,NA,NA,NA,NA,NA,NA,NA,NA,NA,NA
20191112_1989_CS_R2.1,Well_left_E02,1989,0.81,0,0,42654.0,889.0,2517.0,1799.0,4778.0,34188.0,682,44,132,45,63,710,False,False,False,False,False,False,False,False,False
20191112_1989_CS_R2.1,Well_left_E03,1989,0.81,0,0,42149.0,915.0,3361.0,1766.0,4780.0,34004.0,680,44,142,46,67,711,False,False,False,False,False,False,False,False,False
20191112_1989_CS_R2.1,Well_left_E04,1989,0.81,0,0,37374.0,831.0,2198.0,1851.0,4058.0,30584.0,619,40,137,47,61,651,False,False,False,False,False,False,False,False,False
20191112_1989_CS_R2.1,Well_left_E05,1989,0.81,0,0,43497.0,798.0,2010.0,1791.0,4671.0,34453.0,686,41,157,47,63,710,False,False,False,False,False,False,False,False,False
20191112_1989_CS_R2.1,Well_left_E06,1989,0.81,0,0,43078.0,973.0,2013.0,1991.0,4745.0,34347.0,688,46,124,49,63,717,False,False,False,False,False,False,False,False,False
20191112_1989_CS_R2.1,Well_left_E07,1989,0.81,0,0,43289.0,1075.0,1988.0,1875.0,4717.0,35274.0,684,45,123,47,64,715,False,False,False,False,False,False,False,False,False
20191112_1989_CS_R2.1,Well_left_E08,1989,0.81,0,0,40606.0,1018.0,5119.0,1622.0,4020.0,32594.0,639,45,185,45,64,674,False,False,False,False,False,False,False,False,False
20191112_1989_CS_R2.1,Well_left_E09,1989,0.81,0,0,39100.0,3921.0,7074.0,1719.0,2768.0,33005.0,554,82,202,53,49,592,True,True,True,False,False,False,False,True,True
20191112_1989_CS_R2.1,Well_left_E10,1989,0.81,0,0,46069.0,1159.0,1900.0,2066.0,5213.0,37240.0,714,49,150,50,67,745,False,False,False,False,False,False,False,False,False
20191112_1989_CS_R2.1,Well_left_E11,1989,0.81,0,0,43441.0,970.0,1917.0,1863.0,4712.0,34913.0,688,44,118,48,68,720,False,False,False,False,False,False,False,False,False
20191112_1989_CS_R2.1,Well_left_E12,"3,4-DCA",3.13,0,0,43730.0,797.0,2484.0,1977.0,5168.0,35364.0,687,38,143,50,66,722,False,False,False,False,False,False,False,False,False
20191112_1989_CS_R2.1,Well_left_F01,1989,0.24,0,0,42843.0,667.0,1484.0,1937.0,4538.0,33617.0,680,35,101,50,64,714,False,False,False,True,False,False,False,True,False
20191112_1989_CS_R2.1,Well_left_F02,1989,0.24,0,0,43964.0,977.0,1621.0,2097.0,5022.0,35606.0,686,44,156,51,65,722,False,False,False,False,False,False,False,False,False
20191112_1989_CS_R2.1,Well_left_F03,1989,0.24,0,0,39962.0,853.0,2914.0,1514.0,4213.0,32997.0,648,39,155,42,60,677,False,False,False,False,False,False,False,False,False
20191112_1989_CS_R2.1,Well_left_F04,1989,0.24,0,0,42887.0,983.0,2088.0,1992.0,5039.0,34061.0,668,44,155,50,66,704,False,False,False,False,False,False,False,False,False
20191112_1989_CS_R2.1,Well_left_F05,1989,0.24,0,0,41892.0,773.0,3446.0,1822.0,4587.0,33445.0,671,38,141,48,64,703,False,False,False,False,False,False,False,False,False
20191112_1989_CS_R2.1,Well_left_F06,1989,0.24,0,0,43904.0,849.0,2047.0,1926.0,4668.0,34625.0,676,42,170,48,64,711,False,False,False,False,False,False,False,False,False
20191112_1989_CS_R2.1,Well_left_F07,1989,0.24,0,0,42953.0,822.0,4427.0,1883.0,4431.0,33985.0,659,37,165,49,66,688,False,False,False,False,False,False,False,False,False
20191112_1989_CS_R2.1,Well_left_F08,1989,0.24,0,0,44119.0,944.0,2214.0,1908.0,4864.0,35340.0,688,45,182,49,67,723,False,False,False,False,False,False,False,False,False
20191112_1989_CS_R2.1,Well_left_F09,1989,0.24,0,0,45421.0,916.0,2019.0,1920.0,5029.0,37963.0,726,45,161,49,72,757,False,False,False,False,False,False,False,False,False
20191112_1989_CS_R2.1,Well_left_F10,1989,0.24,0,0,NA,NA,NA,NA,NA,NA,NA,NA,NA,NA,NA,NA,NA,NA,NA,NA,NA,NA,NA,NA,NA
20191112_1989_CS_R2.1,Well_left_F11,1989,0.24,0,0,42194.0,1060.0,2416.0,1980.0,4755.0,33463.0,678,44,146,48,63,710,False,False,False,False,False,False,False,False,False
20191112_1989_CS_R2.1,Well_left_F12,"3,4-DCA",1.5,0,0,43471.0,797.0,3343.0,1671.0,4607.0,34065.0,688,39,144,45,67,720,False,False,False,False,False,False,False,False,False
20191112_1989_CS_R2.1,Well_left_G01,1989,0.07,0,0,NA,NA,NA,NA,NA,NA,NA,NA,NA,NA,NA,NA,NA,NA,NA,NA,NA,NA,NA,NA,NA
20191112_1989_CS_R2.1,Well_left_G02,1989,0.07,0,0,41793.0,939.0,2654.0,2009.0,4630.0,32245.0,658,40,165,50,66,684,False,False,False,False,False,False,False,False,False
20191112_1989_CS_R2.1,Well_left_G03,1989,0.07,0,0,44070.0,774.0,1759.0,1817.0,4937.0,35971.0,702,40,116,47,68,734,False,False,False,False,False,False,False,False,False
20191112_1989_CS_R2.1,Well_left_G04,1989,0.07,0,0,NA,NA,NA,NA,NA,NA,NA,NA,NA,NA,NA,NA,NA,NA,NA,NA,NA,NA,NA,NA,NA
20191112_1989_CS_R2.1,Well_left_G05,1989,0.07,0,0,42586.0,876.0,1574.0,1719.0,4797.0,34229.0,681,42,126,45,66,710,False,False,False,False,False,False,False,False,False
20191112_1989_CS_R2.1,Well_left_G06,1989,0.07,0,0,41911.0,863.0,3222.0,1723.0,4544.0,33602.0,685,40,172,45,63,710,False,False,False,False,False,False,False,False,False
20191112_1989_CS_R2.1,Well_left_G07,1989,0.07,0,0,43858.0,1114.0,4037.0,1874.0,4502.0,34374.0,678,49,148,48,62,711,False,False,False,False,False,False,False,False,False
20191112_1989_CS_R2.1,Well_left_G08,1989,0.07,0,0,43392.0,1039.0,2039.0,1981.0,4878.0,35372.0,695,48,135,48,66,727,False,False,False,False,False,False,False,False,False
20191112_1989_CS_R2.1,Well_left_G09,1989,0.07,0,0,44409.0,2700.0,8343.0,1522.0,2638.0,37457.0,598,72,233,43,51,634,True,True,True,False,False,True,False,False,True
20191112_1989_CS_R2.1,Well_left_G10,1989,0.07,0,0,39881.0,868.0,2635.0,1731.0,4324.0,32850.0,631,41,137,47,60,658,False,False,False,False,False,False,False,False,False
20191112_1989_CS_R2.1,Well_left_G11,1989,0.07,0,0,44148.0,898.0,2456.0,2071.0,5000.0,35745.0,684,43,147,50,65,719,False,False,False,False,False,False,False,False,False
20191112_1989_CS_R2.1,Well_left_G12,"3,4-DCA",0.78,0,0,43337.0,925.0,1613.0,2076.0,5263.0,35174.0,692,44,124,51,72,722,False,False,False,False,False,False,False,False,False
20191112_1989_CS_R2.1,Well_left_H01,DMSO,0.5,0,0,42830.0,901.0,1476.0,2076.0,4892.0,36016.0,705,45,134,50,63,733,False,False,False,False,False,False,False,False,False
20191112_1989_CS_R2.1,Well_left_H02,DMSO,0.5,0,0,39524.0,805.0,3838.0,1390.0,4117.0,31489.0,630,40,158,42,63,662,False,False,False,False,False,False,False,False,False
20191112_1989_CS_R2.1,Well_left_H03,DMSO,0.5,0,0,39336.0,715.0,1648.0,1796.0,4708.0,31795.0,633,38,148,47,65,666,False,False,False,False,False,False,False,False,False
20191112_1989_CS_R2.1,Well_left_H04,DMSO,0.5,0,0,43801.0,960.0,2299.0,2052.0,4714.0,33825.0,699,42,151,50,66,723,False,False,False,False,False,False,False,False,False
20191112_1989_CS_R2.1,Well_left_H05,DMSO,0.5,0,0,39526.0,893.0,2546.0,1628.0,4375.0,31091.0,635,46,170,43,63,664,False,False,False,False,False,False,False,False,False
20191112_1989_CS_R2.1,Well_left_H06,DMSO,0.5,0,0,44849.0,929.0,1509.0,2040.0,5058.0,35810.0,709,46,127,50,69,738,False,False,False,False,False,False,False,False,False
20191112_1989_CS_R2.1,Well_left_H07,DMSO,0.5,0,0,41372.0,873.0,1596.0,2040.0,4590.0,33046.0,669,45,133,50,63,703,False,False,False,False,False,False,False,False,False
20191112_1989_CS_R2.1,Well_left_H08,DMSO,0.5,0,0,44589.0,870.0,2379.0,1908.0,5199.0,35840.0,702,43,198,48,68,730,False,False,False,False,False,False,False,False,False
20191112_1989_CS_R2.1,Well_left_H09,DMSO,0.5,0,0,46432.0,1135.0,2121.0,1871.0,5371.0,37850.0,723,48,152,49,79,758,False,False,False,False,False,False,False,False,False
20191112_1989_CS_R2.1,Well_left_H10,DMSO,0.5,0,0,44254.0,1292.0,1778.0,1971.0,4868.0,34430.0,700,53,114,48,67,736,False,False,False,False,False,False,False,False,False
20191112_1989_CS_R2.1,Well_left_H11,DMSO,0.5,0,0,42932.0,1053.0,2278.0,1872.0,4862.0,33209.0,684,48,150,49,72,711,False,False,False,False,False,False,False,False,False
20191112_1989_CS_R2.1,Well_left_H12,"3,4-DCA",0.0,0,0,44543.0,911.0,2260.0,1912.0,4719.0,35535.0,701,43,170,48,72,732,False,False,False,False,False,False,False,False,False
